Time,Year,Month,Day,Hour,AQI,PM2.5,Temp,Hum
2024-03-02 16:00:00,2024,3,2,16,140,51,23,67
2024-03-02 17:00:00,2024,3,2,17,140,51,23,68
2024-03-02 18:00:00,2024,3,2,18,130,47,23,68
2024-03-02 19:00:00,2024,3,2,19,138,50,23,68
2024-03-02 20:00:00,2024,3,2,20,146,54,23,67
2024-03-02 21:00:00,2024,3,2,21,152,59,24,65
2024-03-02 22:00:00,2024,3,2,22,153,61,23,64
2024-03-02 23:00:00,2024,3,2,23,155,64,23,63
2024-03-03 00:00:00,2024,3,3,0,156,67,23,62
2024-03-03 01:00:00,2024,3,3,1,158,70,23,61
2024-03-03 02:00:00,2024,3,3,2,159,73,23,60
2024-03-03 03:00:00,2024,3,3,3,161,76,22,59
2024-03-03 04:00:00,2024,3,3,4,162,79,22,58
2024-03-03 05:00:00,2024,3,3,5,164,82,22,57
2024-03-03 06:00:00,2024,3,3,6,165,84,22,56
2024-03-03 07:00:00,2024,3,3,7,167,87,22,55
2024-03-03 08:00:00,2024,3,3,8,168,90,22,54
2024-03-03 09:00:00,2024,3,3,9,170,93,21,53
2024-03-03 10:00:00,2024,3,3,10,171,96,21,52
2024-03-03 11:00:00,2024,3,3,11,173,99,21,51
2024-03-03 12:00:00,2024,3,3,12,174,102,21,50
2024-03-03 13:00:00,2024,3,3,13,176,105,21,49
2024-03-03 14:00:00,2024,3,3,14,178,108,21,49
2024-03-03 15:00:00,2024,3,3,15,167,96,21,49
2024-03-03 16:00:00,2024,3,3,16,157,85,21,49
2024-03-03 17:00:00,2024,3,3,17,146,74,21,50
2024-03-03 18:00:00,2024,3,3,18,136,63,21,50
2024-03-03 19:00:00,2024,3,3,19,125,52,21,50
2024-03-03 20:00:00,2024,3,3,20,115,41,22,51
2024-03-03 21:00:00,2024,3,3,21,127,46,22,50
2024-03-03 22:00:00,2024,3,3,22,140,51,22,50
2024-03-03 23:00:00,2024,3,3,23,136,49,22,50
2024-03-04 00:00:00,2024,3,4,0,136,49,21,50
2024-03-04 01:00:00,2024,3,4,1,137,49,21,50
2024-03-04 02:00:00,2024,3,4,2,138,50,21,50
2024-03-04 03:00:00,2024,3,4,3,138,50,21,50
2024-03-04 04:00:00,2024,3,4,4,139,50,20,50
2024-03-04 05:00:00,2024,3,4,5,140,51,20,50
2024-03-04 06:00:00,2024,3,4,6,141,51,20,50
2024-03-04 07:00:00,2024,3,4,7,141,51,20,50
2024-03-04 08:00:00,2024,3,4,8,142,52,20,50
2024-03-04 09:00:00,2024,3,4,9,143,52,19,51
2024-03-04 10:00:00,2024,3,4,10,144,53,19,51
2024-03-04 11:00:00,2024,3,4,11,144,53,19,51
2024-03-04 12:00:00,2024,3,4,12,145,53,19,51
2024-03-04 13:00:00,2024,3,4,13,146,54,19,51
2024-03-04 14:00:00,2024,3,4,14,147,54,18,51
2024-03-04 15:00:00,2024,3,4,15,147,54,18,51
2024-03-04 16:00:00,2024,3,4,16,148,55,18,51
2024-03-04 17:00:00,2024,3,4,17,149,55,18,51
2024-03-04 18:00:00,2024,3,4,18,150,56,18,52
2024-03-04 19:00:00,2024,3,4,19,155,67,17,54
2024-03-04 20:00:00,2024,3,4,20,156,66,17,54
2024-03-04 21:00:00,2024,3,4,21,165,82,16,58
2024-03-04 22:00:00,2024,3,4,22,171,94,16,60
2024-03-04 23:00:00,2024,3,4,23,184,119,15,60
2024-03-05 00:00:00,2024,3,5,0,178,113,15,58
2024-03-05 01:00:00,2024,3,5,1,173,108,15,57
2024-03-05 02:00:00,2024,3,5,2,168,103,15,56
2024-03-05 03:00:00,2024,3,5,3,163,98,16,55
2024-03-05 04:00:00,2024,3,5,4,158,93,16,53
2024-03-05 05:00:00,2024,3,5,5,153,87,16,52
2024-03-05 06:00:00,2024,3,5,6,148,82,16,51
2024-03-05 07:00:00,2024,3,5,7,143,77,17,50
2024-03-05 08:00:00,2024,3,5,8,138,72,17,48
2024-03-05 09:00:00,2024,3,5,9,133,67,17,47
2024-03-05 10:00:00,2024,3,5,10,128,61,17,46
2024-03-05 11:00:00,2024,3,5,11,123,56,18,45
2024-03-05 12:00:00,2024,3,5,12,118,51,18,43
2024-03-05 13:00:00,2024,3,5,13,113,46,18,42
2024-03-05 14:00:00,2024,3,5,14,108,41,18,41
2024-03-05 15:00:00,2024,3,5,15,103,36,19,40
2024-03-05 16:00:00,2024,3,5,16,102,36,20,39
2024-03-05 17:00:00,2024,3,5,17,105,37,19,41
2024-03-05 18:00:00,2024,3,5,18,132,55,18,45
2024-03-05 19:00:00,2024,3,5,19,160,74,18,50
2024-03-05 20:00:00,2024,3,5,20,184,119,18,54
2024-03-05 21:00:00,2024,3,5,21,220,169,17,56
2024-03-05 22:00:00,2024,3,5,22,242,192,16,57
2024-03-05 23:00:00,2024,3,5,23,240,190,16,57
2024-03-06 00:00:00,2024,3,6,0,239,188,16,57
2024-03-06 01:00:00,2024,3,6,1,237,186,16,57
2024-03-06 02:00:00,2024,3,6,2,236,184,16,57
2024-03-06 03:00:00,2024,3,6,3,234,182,16,57
2024-03-06 04:00:00,2024,3,6,4,233,180,16,57
2024-03-06 05:00:00,2024,3,6,5,231,178,16,57
2024-03-06 06:00:00,2024,3,6,6,230,176,16,57
2024-03-06 07:00:00,2024,3,6,7,229,174,16,57
2024-03-06 08:00:00,2024,3,6,8,227,172,16,57
2024-03-06 09:00:00,2024,3,6,9,226,170,16,57
2024-03-06 10:00:00,2024,3,6,10,224,169,17,57
2024-03-06 11:00:00,2024,3,6,11,223,167,17,57
2024-03-06 12:00:00,2024,3,6,12,221,165,17,57
2024-03-06 13:00:00,2024,3,6,13,220,163,17,57
2024-03-06 14:00:00,2024,3,6,14,218,161,17,57
2024-03-06 15:00:00,2024,3,6,15,217,159,17,57
2024-03-06 16:00:00,2024,3,6,16,216,157,17,57
2024-03-06 17:00:00,2024,3,6,17,214,155,17,57
2024-03-06 18:00:00,2024,3,6,18,213,153,17,57
2024-03-06 19:00:00,2024,3,6,19,211,151,17,57
2024-03-06 20:00:00,2024,3,6,20,210,149,17,57
2024-03-06 21:00:00,2024,3,6,21,208,148,18,58
2024-03-06 22:00:00,2024,3,6,22,207,146,18,58
2024-03-06 23:00:00,2024,3,6,23,205,144,18,58
2024-03-07 00:00:00,2024,3,7,0,204,142,18,58
2024-03-07 01:00:00,2024,3,7,1,203,140,18,58
2024-03-07 02:00:00,2024,3,7,2,201,138,18,58
2024-03-07 03:00:00,2024,3,7,3,200,136,18,58
2024-03-07 04:00:00,2024,3,7,4,198,134,18,58
2024-03-07 05:00:00,2024,3,7,5,197,132,18,58
2024-03-07 06:00:00,2024,3,7,6,195,130,18,58
2024-03-07 07:00:00,2024,3,7,7,194,128,18,58
2024-03-07 08:00:00,2024,3,7,8,192,127,19,58
2024-03-07 09:00:00,2024,3,7,9,191,125,19,58
2024-03-07 10:00:00,2024,3,7,10,190,123,19,58
2024-03-07 11:00:00,2024,3,7,11,188,121,19,58
2024-03-07 12:00:00,2024,3,7,12,187,119,19,58
2024-03-07 13:00:00,2024,3,7,13,185,117,19,58
2024-03-07 14:00:00,2024,3,7,14,184,115,19,58
2024-03-07 15:00:00,2024,3,7,15,182,113,19,58
2024-03-07 16:00:00,2024,3,7,16,181,111,19,58
2024-03-07 17:00:00,2024,3,7,17,179,109,19,58
2024-03-07 18:00:00,2024,3,7,18,178,107,19,58
2024-03-07 19:00:00,2024,3,7,19,177,106,20,59
2024-03-07 20:00:00,2024,3,7,20,182,115,20,60
2024-03-07 21:00:00,2024,3,7,21,196,141,19,63
2024-03-07 22:00:00,2024,3,7,22,228,178,18,68
2024-03-07 23:00:00,2024,3,7,23,239,189,18,70
2024-03-08 00:00:00,2024,3,8,0,238,188,18,69
2024-03-08 01:00:00,2024,3,8,1,245,195,17,71
2024-03-08 02:00:00,2024,3,8,2,232,180,17,68
2024-03-08 03:00:00,2024,3,8,3,220,166,17,66
2024-03-08 04:00:00,2024,3,8,4,208,152,18,63
2024-03-08 05:00:00,2024,3,8,5,196,138,18,61
2024-03-08 06:00:00,2024,3,8,6,184,124,19,58
2024-03-08 07:00:00,2024,3,8,7,172,109,19,56
2024-03-08 08:00:00,2024,3,8,8,160,95,20,53
2024-03-08 09:00:00,2024,3,8,9,148,81,20,51
2024-03-08 10:00:00,2024,3,8,10,136,67,21,48
2024-03-08 11:00:00,2024,3,8,11,124,53,21,46
2024-03-08 12:00:00,2024,3,8,12,112,39,22,44
2024-03-08 13:00:00,2024,3,8,13,124,45,22,46
2024-03-08 14:00:00,2024,3,8,14,127,46,23,46
2024-03-08 15:00:00,2024,3,8,15,127,46,23,46
2024-03-08 16:00:00,2024,3,8,16,119,42,23,46
2024-03-08 17:00:00,2024,3,8,17,109,39,22,47
2024-03-08 18:00:00,2024,3,8,18,125,45,21,52
2024-03-08 19:00:00,2024,3,8,19,137,50,21,55
2024-03-08 20:00:00,2024,3,8,20,135,49,21,54
2024-03-08 21:00:00,2024,3,8,21,133,48,21,53
2024-03-08 22:00:00,2024,3,8,22,131,47,21,52
2024-03-08 23:00:00,2024,3,8,23,129,46,21,51
2024-03-09 00:00:00,2024,3,9,0,127,46,21,50
2024-03-09 01:00:00,2024,3,9,1,126,45,21,49
2024-03-09 02:00:00,2024,3,9,2,124,44,21,48
2024-03-09 03:00:00,2024,3,9,3,122,43,21,47
2024-03-09 04:00:00,2024,3,9,4,120,43,22,47
2024-03-09 05:00:00,2024,3,9,5,118,42,22,46
2024-03-09 06:00:00,2024,3,9,6,116,41,22,45
2024-03-09 07:00:00,2024,3,9,7,115,40,22,44
2024-03-09 08:00:00,2024,3,9,8,113,40,22,43
2024-03-09 09:00:00,2024,3,9,9,111,39,22,42
2024-03-09 10:00:00,2024,3,9,10,109,38,22,41
2024-03-09 11:00:00,2024,3,9,11,107,37,22,40
2024-03-09 12:00:00,2024,3,9,12,106,37,23,40
2024-03-09 13:00:00,2024,3,9,13,95,33,24,38
2024-03-09 14:00:00,2024,3,9,14,98,34,25,38
2024-03-09 15:00:00,2024,3,9,15,97,33,25,38
2024-03-09 16:00:00,2024,3,9,16,117,45,25,38
2024-03-09 17:00:00,2024,3,9,17,100,35,24,39
2024-03-09 18:00:00,2024,3,9,18,104,36,24,41
2024-03-09 19:00:00,2024,3,9,19,135,60,22,48
2024-03-09 20:00:00,2024,3,9,20,166,85,21,55
2024-03-09 21:00:00,2024,3,9,21,183,118,21,54
2024-03-09 22:00:00,2024,3,9,22,190,131,20,59
2024-03-09 23:00:00,2024,3,9,23,189,130,20,58
2024-03-10 00:00:00,2024,3,10,0,188,129,20,58
2024-03-10 01:00:00,2024,3,10,1,188,128,20,58
2024-03-10 02:00:00,2024,3,10,2,187,127,20,58
2024-03-10 03:00:00,2024,3,10,3,187,126,20,58
2024-03-10 04:00:00,2024,3,10,4,186,125,20,58
2024-03-10 05:00:00,2024,3,10,5,185,124,20,58
2024-03-10 06:00:00,2024,3,10,6,185,123,20,58
2024-03-10 07:00:00,2024,3,10,7,184,122,20,58
2024-03-10 08:00:00,2024,3,10,8,184,121,20,58
2024-03-10 09:00:00,2024,3,10,9,183,120,20,58
2024-03-10 10:00:00,2024,3,10,10,182,119,20,58
2024-03-10 11:00:00,2024,3,10,11,182,118,20,58
2024-03-10 12:00:00,2024,3,10,12,181,117,20,58
2024-03-10 13:00:00,2024,3,10,13,181,116,20,58
2024-03-10 14:00:00,2024,3,10,14,180,115,20,58
2024-03-10 15:00:00,2024,3,10,15,179,114,20,58
2024-03-10 16:00:00,2024,3,10,16,179,113,20,58
2024-03-10 17:00:00,2024,3,10,17,178,112,20,58
2024-03-10 18:00:00,2024,3,10,18,178,112,21,58
2024-03-10 19:00:00,2024,3,10,19,177,111,21,58
2024-03-10 20:00:00,2024,3,10,20,176,110,21,58
2024-03-10 21:00:00,2024,3,10,21,176,109,21,58
2024-03-10 22:00:00,2024,3,10,22,175,108,21,58
2024-03-10 23:00:00,2024,3,10,23,175,107,21,58
2024-03-11 00:00:00,2024,3,11,0,174,106,21,58
2024-03-11 01:00:00,2024,3,11,1,173,105,21,58
2024-03-11 02:00:00,2024,3,11,2,173,104,21,58
2024-03-11 03:00:00,2024,3,11,3,172,103,21,58
2024-03-11 04:00:00,2024,3,11,4,172,102,21,58
2024-03-11 05:00:00,2024,3,11,5,171,101,21,58
2024-03-11 06:00:00,2024,3,11,6,170,100,21,58
2024-03-11 07:00:00,2024,3,11,7,170,99,21,58
2024-03-11 08:00:00,2024,3,11,8,169,98,21,58
2024-03-11 09:00:00,2024,3,11,9,169,97,21,58
2024-03-11 10:00:00,2024,3,11,10,168,96,21,58
2024-03-11 11:00:00,2024,3,11,11,167,95,21,58
2024-03-11 12:00:00,2024,3,11,12,167,94,21,58
2024-03-11 13:00:00,2024,3,11,13,166,93,21,58
2024-03-11 14:00:00,2024,3,11,14,166,93,22,58
2024-03-11 15:00:00,2024,3,11,15,164,82,21,71
2024-03-11 16:00:00,2024,3,11,16,155,64,21,66
2024-03-11 17:00:00,2024,3,11,17,162,77,20,68
2024-03-11 18:00:00,2024,3,11,18,176,105,20,71
2024-03-11 19:00:00,2024,3,11,19,177,107,20,73
2024-03-11 20:00:00,2024,3,11,20,198,143,20,76
2024-03-11 21:00:00,2024,3,11,21,195,139,19,77
2024-03-11 22:00:00,2024,3,11,22,208,157,20,75
2024-03-11 23:00:00,2024,3,11,23,216,166,19,76
2024-03-12 00:00:00,2024,3,12,0,216,166,19,74
2024-03-12 01:00:00,2024,3,12,1,216,166,19,73
2024-03-12 02:00:00,2024,3,12,2,216,166,19,72
2024-03-12 03:00:00,2024,3,12,3,216,166,20,70
2024-03-12 04:00:00,2024,3,12,4,216,166,20,69
2024-03-12 05:00:00,2024,3,12,5,216,166,20,68
2024-03-12 06:00:00,2024,3,12,6,216,166,21,66
2024-03-12 07:00:00,2024,3,12,7,216,166,21,65
2024-03-12 08:00:00,2024,3,12,8,216,166,21,64
2024-03-12 09:00:00,2024,3,12,9,216,166,21,63
2024-03-12 10:00:00,2024,3,12,10,216,166,22,61
2024-03-12 11:00:00,2024,3,12,11,216,166,22,60
2024-03-12 12:00:00,2024,3,12,12,216,166,22,59
2024-03-12 13:00:00,2024,3,12,13,216,166,23,57
2024-03-12 14:00:00,2024,3,12,14,216,166,23,56
2024-03-12 15:00:00,2024,3,12,15,216,166,23,55
2024-03-12 16:00:00,2024,3,12,16,216,166,24,54
2024-03-12 17:00:00,2024,3,12,17,149,57,25,53
2024-03-12 18:00:00,2024,3,12,18,143,52,25,53
2024-03-12 19:00:00,2024,3,12,19,157,69,24,56
2024-03-12 20:00:00,2024,3,12,20,176,104,23,63
2024-03-12 21:00:00,2024,3,12,21,193,136,23,66
2024-03-12 22:00:00,2024,3,12,22,228,178,22,69
2024-03-12 23:00:00,2024,3,12,23,254,204,22,68
2024-03-13 00:00:00,2024,3,13,0,280,230,21,67
2024-03-13 01:00:00,2024,3,13,1,271,219,21,66
2024-03-13 02:00:00,2024,3,13,2,262,208,21,66
2024-03-13 03:00:00,2024,3,13,3,254,197,21,65
2024-03-13 04:00:00,2024,3,13,4,245,187,21,65
2024-03-13 05:00:00,2024,3,13,5,236,176,21,64
2024-03-13 06:00:00,2024,3,13,6,228,165,21,64
2024-03-13 07:00:00,2024,3,13,7,219,155,21,63
2024-03-13 08:00:00,2024,3,13,8,211,144,21,63
2024-03-13 09:00:00,2024,3,13,9,202,133,21,62
2024-03-13 10:00:00,2024,3,13,10,193,123,21,62
2024-03-13 11:00:00,2024,3,13,11,185,112,21,61
2024-03-13 12:00:00,2024,3,13,12,176,101,21,61
2024-03-13 13:00:00,2024,3,13,13,168,91,22,61
2024-03-13 14:00:00,2024,3,13,14,189,129,22,65
2024-03-13 15:00:00,2024,3,13,15,173,99,22,61
2024-03-13 16:00:00,2024,3,13,16,185,122,23,61
2024-03-13 17:00:00,2024,3,13,17,196,141,23,64
2024-03-13 18:00:00,2024,3,13,18,212,162,23,70
2024-03-13 19:00:00,2024,3,13,19,169,90,22,61
2024-03-13 20:00:00,2024,3,13,20,163,80,22,59
2024-03-13 21:00:00,2024,3,13,21,167,86,21,61
2024-03-13 22:00:00,2024,3,13,22,164,83,21,60
2024-03-13 23:00:00,2024,3,13,23,161,80,21,59
2024-03-14 00:00:00,2024,3,14,0,158,77,21,59
2024-03-14 01:00:00,2024,3,14,1,155,75,21,58
2024-03-14 02:00:00,2024,3,14,2,152,72,21,57
2024-03-14 03:00:00,2024,3,14,3,149,69,22,57
2024-03-14 04:00:00,2024,3,14,4,146,67,22,56
2024-03-14 05:00:00,2024,3,14,5,144,64,22,56
2024-03-14 06:00:00,2024,3,14,6,141,61,22,55
2024-03-14 07:00:00,2024,3,14,7,138,59,22,54
2024-03-14 08:00:00,2024,3,14,8,135,56,23,54
2024-03-14 09:00:00,2024,3,14,9,132,53,23,53
2024-03-14 10:00:00,2024,3,14,10,129,51,23,52
2024-03-14 11:00:00,2024,3,14,11,126,48,23,52
2024-03-14 12:00:00,2024,3,14,12,123,45,23,51
2024-03-14 13:00:00,2024,3,14,13,121,43,24,51
2024-03-14 14:00:00,2024,3,14,14,84,27,25,47
2024-03-14 15:00:00,2024,3,14,15,73,22,25,46
2024-03-14 16:00:00,2024,3,14,16,86,34,24,47
2024-03-14 17:00:00,2024,3,14,17,100,46,24,48
2024-03-14 18:00:00,2024,3,14,18,114,58,23,49
2024-03-14 19:00:00,2024,3,14,19,128,70,23,50
2024-03-14 20:00:00,2024,3,14,20,141,82,22,51
2024-03-14 21:00:00,2024,3,14,21,155,94,22,52
2024-03-14 22:00:00,2024,3,14,22,169,106,21,53
2024-03-14 23:00:00,2024,3,14,23,183,119,21,54
2024-03-15 00:00:00,2024,3,15,0,172,111,21,53
2024-03-15 01:00:00,2024,3,15,1,162,103,21,53
2024-03-15 02:00:00,2024,3,15,2,152,95,21,52
2024-03-15 03:00:00,2024,3,15,3,142,87,21,52
2024-03-15 04:00:00,2024,3,15,4,132,79,21,52
2024-03-15 05:00:00,2024,3,15,5,122,71,21,51
2024-03-15 06:00:00,2024,3,15,6,112,63,22,51
2024-03-15 07:00:00,2024,3,15,7,102,55,22,50
2024-03-15 08:00:00,2024,3,15,8,92,47,22,50
2024-03-15 09:00:00,2024,3,15,9,82,39,22,50
2024-03-15 10:00:00,2024,3,15,10,72,31,22,49
2024-03-15 11:00:00,2024,3,15,11,62,23,22,49
2024-03-15 12:00:00,2024,3,15,12,52,15,23,49
2024-03-15 13:00:00,2024,3,15,13,101,35,24,48
2024-03-15 14:00:00,2024,3,15,14,89,30,24,46
2024-03-15 15:00:00,2024,3,15,15,86,29,25,46
2024-03-15 16:00:00,2024,3,15,16,80,26,25,44
2024-03-15 17:00:00,2024,3,15,17,75,23,25,42
2024-03-15 18:00:00,2024,3,15,18,77,24,25,44
2024-03-15 19:00:00,2024,3,15,19,94,32,24,51
2024-03-15 20:00:00,2024,3,15,20,94,32,24,50
2024-03-15 21:00:00,2024,3,15,21,95,32,24,50
2024-03-15 22:00:00,2024,3,15,22,96,33,24,50
2024-03-15 23:00:00,2024,3,15,23,97,33,24,49
2024-03-16 00:00:00,2024,3,16,0,98,33,24,49
2024-03-16 01:00:00,2024,3,16,1,98,34,24,49
2024-03-16 02:00:00,2024,3,16,2,99,34,24,48
2024-03-16 03:00:00,2024,3,16,3,100,34,24,48
2024-03-16 04:00:00,2024,3,16,4,101,35,24,48
2024-03-16 05:00:00,2024,3,16,5,102,35,24,47
2024-03-16 06:00:00,2024,3,16,6,102,35,24,47
2024-03-16 07:00:00,2024,3,16,7,103,36,24,47
2024-03-16 08:00:00,2024,3,16,8,104,36,24,46
2024-03-16 09:00:00,2024,3,16,9,105,36,24,46
2024-03-16 10:00:00,2024,3,16,10,106,37,25,46
2024-03-16 11:00:00,2024,3,16,11,107,37,25,45
2024-03-16 12:00:00,2024,3,16,12,107,37,25,45
2024-03-16 13:00:00,2024,3,16,13,108,38,25,45
2024-03-16 14:00:00,2024,3,16,14,109,38,25,44
2024-03-16 15:00:00,2024,3,16,15,110,38,25,44
2024-03-16 16:00:00,2024,3,16,16,111,39,25,44
2024-03-16 17:00:00,2024,3,16,17,111,39,25,43
2024-03-16 18:00:00,2024,3,16,18,112,40,25,43
2024-03-16 19:00:00,2024,3,16,19,113,40,25,43
2024-03-16 20:00:00,2024,3,16,20,114,40,25,42
2024-03-16 21:00:00,2024,3,16,21,115,41,25,42
2024-03-16 22:00:00,2024,3,16,22,115,41,25,42
2024-03-16 23:00:00,2024,3,16,23,116,41,25,41
2024-03-17 00:00:00,2024,3,17,0,117,42,26,41
2024-03-17 01:00:00,2024,3,17,1,118,42,26,41
2024-03-17 02:00:00,2024,3,17,2,119,42,26,40
2024-03-17 03:00:00,2024,3,17,3,120,43,26,40
2024-03-17 04:00:00,2024,3,17,4,120,43,26,40
2024-03-17 05:00:00,2024,3,17,5,121,43,26,39
2024-03-17 06:00:00,2024,3,17,6,122,44,26,39
2024-03-17 07:00:00,2024,3,17,7,123,44,26,39
2024-03-17 08:00:00,2024,3,17,8,124,44,26,38
2024-03-17 09:00:00,2024,3,17,9,124,45,26,38
2024-03-17 10:00:00,2024,3,17,10,125,45,26,38
2024-03-17 11:00:00,2024,3,17,11,126,45,26,37
2024-03-17 12:00:00,2024,3,17,12,127,46,26,37
2024-03-17 13:00:00,2024,3,17,13,128,46,26,37
2024-03-17 14:00:00,2024,3,17,14,129,47,27,37
2024-03-17 15:00:00,2024,3,17,15,128,46,27,37
2024-03-17 16:00:00,2024,3,17,16,115,41,27,35
2024-03-17 17:00:00,2024,3,17,17,116,41,26,39
2024-03-17 18:00:00,2024,3,17,18,117,42,26,43
2024-03-17 19:00:00,2024,3,17,19,132,48,25,47
2024-03-17 20:00:00,2024,3,17,20,143,53,25,49
2024-03-17 21:00:00,2024,3,17,21,154,70,24,54
2024-03-17 22:00:00,2024,3,17,22,165,87,23,60
2024-03-17 23:00:00,2024,3,17,23,176,104,22,66
2024-03-18 00:00:00,2024,3,18,0,182,116,22,68
2024-03-18 01:00:00,2024,3,18,1,184,119,21,69
2024-03-18 02:00:00,2024,3,18,2,186,124,21,68
2024-03-18 03:00:00,2024,3,18,3,199,147,21,68
2024-03-18 04:00:00,2024,3,18,4,215,164,20,68
2024-03-18 05:00:00,2024,3,18,5,233,183,20,68
2024-03-18 06:00:00,2024,3,18,6,219,166,20,63
2024-03-18 07:00:00,2024,3,18,7,205,149,21,59
2024-03-18 08:00:00,2024,3,18,8,191,132,22,55
2024-03-18 09:00:00,2024,3,18,9,177,115,23,51
2024-03-18 10:00:00,2024,3,18,10,163,98,24,47
2024-03-18 11:00:00,2024,3,18,11,149,81,25,43
2024-03-18 12:00:00,2024,3,18,12,135,64,26,39
2024-03-18 13:00:00,2024,3,18,13,121,47,27,35
2024-03-18 14:00:00,2024,3,18,14,100,35,27,33
2024-03-18 15:00:00,2024,3,18,15,91,31,27,34
2024-03-18 16:00:00,2024,3,18,16,94,32,27,35
2024-03-18 17:00:00,2024,3,18,17,97,34,27,37
2024-03-18 18:00:00,2024,3,18,18,106,37,27,38
2024-03-18 19:00:00,2024,3,18,19,119,49,26,41
2024-03-18 20:00:00,2024,3,18,20,133,62,25,45
2024-03-18 21:00:00,2024,3,18,21,146,74,24,49
2024-03-18 22:00:00,2024,3,18,22,160,87,23,53
2024-03-18 23:00:00,2024,3,18,23,174,100,23,57
2024-03-19 00:00:00,2024,3,19,0,208,156,22,55
2024-03-19 01:00:00,2024,3,19,1,219,169,22,58
2024-03-19 02:00:00,2024,3,19,2,238,188,22,59
2024-03-19 03:00:00,2024,3,19,3,274,224,21,61
2024-03-19 04:00:00,2024,3,19,4,260,206,21,59
2024-03-19 05:00:00,2024,3,19,5,247,189,22,58
2024-03-19 06:00:00,2024,3,19,6,233,172,22,56
2024-03-19 07:00:00,2024,3,19,7,220,154,23,55
2024-03-19 08:00:00,2024,3,19,8,207,137,24,54
2024-03-19 09:00:00,2024,3,19,9,193,120,24,52
2024-03-19 10:00:00,2024,3,19,10,180,102,25,51
2024-03-19 11:00:00,2024,3,19,11,166,85,25,49
2024-03-19 12:00:00,2024,3,19,12,153,68,26,48
2024-03-19 13:00:00,2024,3,19,13,140,51,27,47
2024-03-19 14:00:00,2024,3,19,14,132,48,28,46
2024-03-19 15:00:00,2024,3,19,15,124,44,28,43
2024-03-19 16:00:00,2024,3,19,16,129,47,28,44
2024-03-19 17:00:00,2024,3,19,17,147,55,28,46
2024-03-19 18:00:00,2024,3,19,18,135,49,28,49
2024-03-19 19:00:00,2024,3,19,19,145,54,27,53
2024-03-19 20:00:00,2024,3,19,20,160,73,26,55
2024-03-19 21:00:00,2024,3,19,21,166,85,25,60
2024-03-19 22:00:00,2024,3,19,22,172,96,24,64
2024-03-19 23:00:00,2024,3,19,23,178,109,24,67
2024-03-20 00:00:00,2024,3,20,0,178,108,23,67
2024-03-20 01:00:00,2024,3,20,1,186,123,23,68
2024-03-20 02:00:00,2024,3,20,2,191,134,23,69
2024-03-20 03:00:00,2024,3,20,3,187,127,23,66
2024-03-20 04:00:00,2024,3,20,4,183,120,23,64
2024-03-20 05:00:00,2024,3,20,5,179,113,24,61
2024-03-20 06:00:00,2024,3,20,6,176,106,24,59
2024-03-20 07:00:00,2024,3,20,7,172,99,25,56
2024-03-20 08:00:00,2024,3,20,8,168,93,25,54
2024-03-20 09:00:00,2024,3,20,9,164,86,26,51
2024-03-20 10:00:00,2024,3,20,10,161,79,26,49
2024-03-20 11:00:00,2024,3,20,11,157,72,27,46
2024-03-20 12:00:00,2024,3,20,12,153,65,27,44
2024-03-20 13:00:00,2024,3,20,13,150,59,28,42
2024-03-20 14:00:00,2024,3,20,14,128,46,29,37
2024-03-20 15:00:00,2024,3,20,15,131,48,29,40
2024-03-20 16:00:00,2024,3,20,16,104,36,29,39
2024-03-20 17:00:00,2024,3,20,17,104,36,29,44
2024-03-20 18:00:00,2024,3,20,18,113,40,28,47
2024-03-20 19:00:00,2024,3,20,19,125,45,28,51
2024-03-20 20:00:00,2024,3,20,20,149,58,27,57
2024-03-20 21:00:00,2024,3,20,21,165,84,26,60
2024-03-20 22:00:00,2024,3,20,22,180,113,26,63
2024-03-20 23:00:00,2024,3,20,23,183,118,25,64
2024-03-21 00:00:00,2024,3,21,0,181,114,25,64
2024-03-21 01:00:00,2024,3,21,1,173,98,25,59
2024-03-21 02:00:00,2024,3,21,2,172,96,25,58
2024-03-21 03:00:00,2024,3,21,3,171,95,25,58
2024-03-21 04:00:00,2024,3,21,4,170,93,25,58
2024-03-21 05:00:00,2024,3,21,5,170,92,26,58
2024-03-21 06:00:00,2024,3,21,6,169,91,26,57
2024-03-21 07:00:00,2024,3,21,7,168,89,26,57
2024-03-21 08:00:00,2024,3,21,8,168,88,27,57
2024-03-21 09:00:00,2024,3,21,9,167,86,27,57
2024-03-21 10:00:00,2024,3,21,10,166,85,27,56
2024-03-21 11:00:00,2024,3,21,11,166,84,28,56
2024-03-21 12:00:00,2024,3,21,12,165,82,28,56
2024-03-21 13:00:00,2024,3,21,13,164,81,28,56
2024-03-21 14:00:00,2024,3,21,14,164,80,29,56
2024-03-21 15:00:00,2024,3,21,15,167,87,29,58
2024-03-21 16:00:00,2024,3,21,16,176,104,28,64
2024-03-21 17:00:00,2024,3,21,17,182,115,28,67
2024-03-21 18:00:00,2024,3,21,18,187,126,27,67
2024-03-21 19:00:00,2024,3,21,19,185,122,27,66
2024-03-21 20:00:00,2024,3,21,20,183,119,27,65
2024-03-21 21:00:00,2024,3,21,21,182,116,27,64
2024-03-21 22:00:00,2024,3,21,22,180,113,27,64
2024-03-21 23:00:00,2024,3,21,23,178,110,27,63
2024-03-22 00:00:00,2024,3,22,0,177,106,27,62
2024-03-22 01:00:00,2024,3,22,1,175,103,27,61
2024-03-22 02:00:00,2024,3,22,2,173,100,27,61
2024-03-22 03:00:00,2024,3,22,3,172,97,27,60
2024-03-22 04:00:00,2024,3,22,4,170,94,28,59
2024-03-22 05:00:00,2024,3,22,5,168,90,28,58
2024-03-22 06:00:00,2024,3,22,6,167,87,28,58
2024-03-22 07:00:00,2024,3,22,7,165,84,28,57
2024-03-22 08:00:00,2024,3,22,8,163,81,28,56
2024-03-22 09:00:00,2024,3,22,9,162,78,28,55
2024-03-22 10:00:00,2024,3,22,10,160,74,28,55
2024-03-22 11:00:00,2024,3,22,11,158,71,28,54
2024-03-22 12:00:00,2024,3,22,12,157,68,28,53
2024-03-22 13:00:00,2024,3,22,13,155,65,28,52
2024-03-22 14:00:00,2024,3,22,14,154,62,29,52
2024-03-22 15:00:00,2024,3,22,15,153,59,29,51
2024-03-22 16:00:00,2024,3,22,16,153,60,29,49
2024-03-22 17:00:00,2024,3,22,17,156,66,29,52
2024-03-22 18:00:00,2024,3,22,18,165,83,28,58
2024-03-22 19:00:00,2024,3,22,19,171,96,27,63
2024-03-22 20:00:00,2024,3,22,20,180,113,26,64
2024-03-22 21:00:00,2024,3,22,21,193,138,26,63
2024-03-22 22:00:00,2024,3,22,22,213,163,26,65
2024-03-22 23:00:00,2024,3,22,23,216,165,25,67
2024-03-23 00:00:00,2024,3,23,0,268,218,24,70
2024-03-23 01:00:00,2024,3,23,1,293,243,23,74
2024-03-23 02:00:00,2024,3,23,2,278,228,23,72
2024-03-23 03:00:00,2024,3,23,3,224,174,23,68
2024-03-23 04:00:00,2024,3,23,4,213,161,23,65
2024-03-23 05:00:00,2024,3,23,5,203,149,24,63
2024-03-23 06:00:00,2024,3,23,6,193,137,24,61
2024-03-23 07:00:00,2024,3,23,7,182,124,25,59
2024-03-23 08:00:00,2024,3,23,8,172,112,25,57
2024-03-23 09:00:00,2024,3,23,9,162,100,26,55
2024-03-23 10:00:00,2024,3,23,10,152,88,26,53
2024-03-23 11:00:00,2024,3,23,11,141,75,27,51
2024-03-23 12:00:00,2024,3,23,12,131,63,27,49
2024-03-23 13:00:00,2024,3,23,13,121,51,28,47
2024-03-23 14:00:00,2024,3,23,14,111,39,29,45
2024-03-23 15:00:00,2024,3,23,15,105,37,30,44
2024-03-23 16:00:00,2024,3,23,16,118,48,29,47
2024-03-23 17:00:00,2024,3,23,17,131,60,28,50
2024-03-23 18:00:00,2024,3,23,18,144,71,28,53
2024-03-23 19:00:00,2024,3,23,19,157,83,27,56
2024-03-23 20:00:00,2024,3,23,20,171,95,27,60
2024-03-23 21:00:00,2024,3,23,21,171,95,27,62
2024-03-23 22:00:00,2024,3,23,22,165,90,27,61
2024-03-23 23:00:00,2024,3,23,23,159,86,27,60
2024-03-24 00:00:00,2024,3,24,0,154,82,27,59
2024-03-24 01:00:00,2024,3,24,1,148,77,27,59
2024-03-24 02:00:00,2024,3,24,2,142,73,27,58
2024-03-24 03:00:00,2024,3,24,3,137,69,27,57
2024-03-24 04:00:00,2024,3,24,4,131,64,27,57
2024-03-24 05:00:00,2024,3,24,5,126,60,27,56
2024-03-24 06:00:00,2024,3,24,6,120,56,27,55
2024-03-24 07:00:00,2024,3,24,7,114,51,27,55
2024-03-24 08:00:00,2024,3,24,8,109,47,27,54
2024-03-24 09:00:00,2024,3,24,9,103,43,27,53
2024-03-24 10:00:00,2024,3,24,10,97,38,27,53
2024-03-24 11:00:00,2024,3,24,11,92,34,27,52
2024-03-24 12:00:00,2024,3,24,12,86,30,27,51
2024-03-24 13:00:00,2024,3,24,13,81,26,28,51
2024-03-24 14:00:00,2024,3,24,14,100,35,29,50
2024-03-24 15:00:00,2024,3,24,15,96,33,29,49
2024-03-24 16:00:00,2024,3,24,16,100,35,29,52
2024-03-24 17:00:00,2024,3,24,17,111,39,29,51
2024-03-24 18:00:00,2024,3,24,18,104,37,28,54
2024-03-24 19:00:00,2024,3,24,19,133,51,27,59
2024-03-24 20:00:00,2024,3,24,20,149,56,27,59
2024-03-24 21:00:00,2024,3,24,21,157,67,26,63
2024-03-24 22:00:00,2024,3,24,22,172,97,26,64
2024-03-24 23:00:00,2024,3,24,23,173,99,25,69
2024-03-25 00:00:00,2024,3,25,0,174,101,24,71
2024-03-25 01:00:00,2024,3,25,1,182,117,24,71
2024-03-25 02:00:00,2024,3,25,2,225,175,23,71
2024-03-25 03:00:00,2024,3,25,3,242,192,23,72
2024-03-25 04:00:00,2024,3,25,4,269,219,23,73
2024-03-25 05:00:00,2024,3,25,5,236,177,23,71
2024-03-25 06:00:00,2024,3,25,6,203,136,23,70
2024-03-25 07:00:00,2024,3,25,7,171,95,24,69
2024-03-25 08:00:00,2024,3,25,8,153,63,25,65
2024-03-25 09:00:00,2024,3,25,9,131,47,27,59
2024-03-25 10:00:00,2024,3,25,10,112,39,28,52
2024-03-25 11:00:00,2024,3,25,11,109,38,29,48
2024-03-25 12:00:00,2024,3,25,12,111,39,30,44
2024-03-25 13:00:00,2024,3,25,13,92,31,30,42
2024-03-25 14:00:00,2024,3,25,14,89,30,31,42
2024-03-25 15:00:00,2024,3,25,15,93,32,31,42
2024-03-25 16:00:00,2024,3,25,16,85,28,31,41
2024-03-25 17:00:00,2024,3,25,17,85,28,30,44
2024-03-25 18:00:00,2024,3,25,18,116,41,30,47
2024-03-25 19:00:00,2024,3,25,19,105,37,29,50
2024-03-25 20:00:00,2024,3,25,20,107,38,28,50
2024-03-25 21:00:00,2024,3,25,21,109,39,28,50
2024-03-25 22:00:00,2024,3,25,22,112,40,28,51
2024-03-25 23:00:00,2024,3,25,23,114,41,28,51
2024-03-26 00:00:00,2024,3,26,0,117,42,28,52
2024-03-26 01:00:00,2024,3,26,1,119,43,28,52
2024-03-26 02:00:00,2024,3,26,2,121,44,28,52
2024-03-26 03:00:00,2024,3,26,3,124,45,28,53
2024-03-26 04:00:00,2024,3,26,4,126,46,28,53
2024-03-26 05:00:00,2024,3,26,5,129,47,28,54
2024-03-26 06:00:00,2024,3,26,6,131,48,28,54
2024-03-26 07:00:00,2024,3,26,7,133,49,28,54
2024-03-26 08:00:00,2024,3,26,8,136,50,28,55
2024-03-26 09:00:00,2024,3,26,9,138,51,28,55
2024-03-26 10:00:00,2024,3,26,10,141,52,28,56
2024-03-26 11:00:00,2024,3,26,11,143,53,28,56
2024-03-26 12:00:00,2024,3,26,12,146,54,28,57
2024-03-26 13:00:00,2024,3,26,13,151,59,29,57
2024-03-26 14:00:00,2024,3,26,14,148,58,29,56
2024-03-26 15:00:00,2024,3,26,15,150,58,29,55
2024-03-26 16:00:00,2024,3,26,16,150,56,29,53
2024-03-26 17:00:00,2024,3,26,17,153,62,29,52
2024-03-26 18:00:00,2024,3,26,18,187,125,28,64
2024-03-26 19:00:00,2024,3,26,19,216,166,28,66
2024-03-26 20:00:00,2024,3,26,20,209,158,27,67
2024-03-26 21:00:00,2024,3,26,21,203,151,27,68
2024-03-26 22:00:00,2024,3,26,22,197,144,27,69
2024-03-26 23:00:00,2024,3,26,23,202,152,27,67
2024-03-27 00:00:00,2024,3,27,0,240,189,26,70
2024-03-27 01:00:00,2024,3,27,1,251,201,26,76
2024-03-27 02:00:00,2024,3,27,2,236,186,26,77
2024-03-27 03:00:00,2024,3,27,3,247,196,25,77
2024-03-27 04:00:00,2024,3,27,4,258,206,25,78
2024-03-27 05:00:00,2024,3,27,5,270,217,24,79
2024-03-27 06:00:00,2024,3,27,6,281,227,24,80
2024-03-27 07:00:00,2024,3,27,7,293,238,24,81
2024-03-27 08:00:00,2024,3,27,8,377,327,26,74
2024-03-27 09:00:00,2024,3,27,9,272,222,28,59
2024-03-27 10:00:00,2024,3,27,10,201,145,29,52
2024-03-27 11:00:00,2024,3,27,11,187,119,27,60
2024-03-27 12:00:00,2024,3,27,12,156,66,28,57
2024-03-27 13:00:00,2024,3,27,13,154,63,28,51
2024-03-27 14:00:00,2024,3,27,14,156,66,28,53
2024-03-27 15:00:00,2024,3,27,15,158,69,28,55
2024-03-27 16:00:00,2024,3,27,16,160,73,28,57
2024-03-27 17:00:00,2024,3,27,17,160,73,27,62
2024-03-27 18:00:00,2024,3,27,18,163,80,27,63
2024-03-27 19:00:00,2024,3,27,19,170,93,26,63
2024-03-27 20:00:00,2024,3,27,20,118,42,25,60
2024-03-27 21:00:00,2024,3,27,21,97,33,24,61
2024-03-27 22:00:00,2024,3,27,22,96,33,24,61
2024-03-27 23:00:00,2024,3,27,23,96,33,24,61
2024-03-28 00:00:00,2024,3,28,0,96,33,24,61
2024-03-28 01:00:00,2024,3,28,1,96,33,24,61
2024-03-28 02:00:00,2024,3,28,2,96,33,25,62
2024-03-28 03:00:00,2024,3,28,3,96,33,25,62
2024-03-28 04:00:00,2024,3,28,4,96,33,25,62
2024-03-28 05:00:00,2024,3,28,5,96,33,25,62
2024-03-28 06:00:00,2024,3,28,6,96,33,25,62
2024-03-28 07:00:00,2024,3,28,7,96,33,26,63
2024-03-28 08:00:00,2024,3,28,8,96,33,26,63
2024-03-28 09:00:00,2024,3,28,9,96,33,26,63
2024-03-28 10:00:00,2024,3,28,10,96,33,26,63
2024-03-28 11:00:00,2024,3,28,11,96,33,26,63
2024-03-28 12:00:00,2024,3,28,12,96,33,27,64
2024-03-28 13:00:00,2024,3,28,13,92,31,27,67
2024-03-28 14:00:00,2024,3,28,14,96,33,26,70
2024-03-28 15:00:00,2024,3,28,15,112,40,26,74
2024-03-28 16:00:00,2024,3,28,16,110,39,25,72
2024-03-28 17:00:00,2024,3,28,17,134,48,25,72
2024-03-28 18:00:00,2024,3,28,18,143,53,25,70
2024-03-28 19:00:00,2024,3,28,19,136,50,26,64
2024-03-28 20:00:00,2024,3,28,20,154,69,26,67
2024-03-28 21:00:00,2024,3,28,21,169,91,25,74
2024-03-28 22:00:00,2024,3,28,22,178,108,24,77
2024-03-28 23:00:00,2024,3,28,23,171,95,24,78
2024-03-29 00:00:00,2024,3,29,0,165,82,23,81
2024-03-29 01:00:00,2024,3,29,1,170,92,23,81
2024-03-29 02:00:00,2024,3,29,2,168,88,23,79
2024-03-29 03:00:00,2024,3,29,3,166,84,23,77
2024-03-29 04:00:00,2024,3,29,4,164,81,23,75
2024-03-29 05:00:00,2024,3,29,5,162,77,23,73
2024-03-29 06:00:00,2024,3,29,6,161,74,23,72
2024-03-29 07:00:00,2024,3,29,7,157,67,24,68
2024-03-29 08:00:00,2024,3,29,8,149,55,25,62
2024-03-29 09:00:00,2024,3,29,9,133,49,27,55
2024-03-29 10:00:00,2024,3,29,10,107,37,28,52
2024-03-29 11:00:00,2024,3,29,11,76,24,29,46
2024-03-29 12:00:00,2024,3,29,12,72,22,30,43
2024-03-29 13:00:00,2024,3,29,13,75,23,30,43
2024-03-29 14:00:00,2024,3,29,14,76,24,30,41
2024-03-29 15:00:00,2024,3,29,15,80,26,30,44
2024-03-29 16:00:00,2024,3,29,16,84,28,30,47
2024-03-29 17:00:00,2024,3,29,17,89,30,30,50
2024-03-29 18:00:00,2024,3,29,18,112,40,29,50
2024-03-29 19:00:00,2024,3,29,19,154,64,29,53
2024-03-29 20:00:00,2024,3,29,20,150,62,28,53
2024-03-29 21:00:00,2024,3,29,21,146,60,28,54
2024-03-29 22:00:00,2024,3,29,22,142,58,28,55
2024-03-29 23:00:00,2024,3,29,23,138,56,28,55
2024-03-30 00:00:00,2024,3,30,0,135,54,28,56
2024-03-30 01:00:00,2024,3,30,1,131,52,28,57
2024-03-30 02:00:00,2024,3,30,2,127,50,28,57
2024-03-30 03:00:00,2024,3,30,3,123,48,28,58
2024-03-30 04:00:00,2024,3,30,4,119,46,28,59
2024-03-30 05:00:00,2024,3,30,5,116,44,27,59
2024-03-30 06:00:00,2024,3,30,6,112,42,27,60
2024-03-30 07:00:00,2024,3,30,7,108,40,27,61
2024-03-30 08:00:00,2024,3,30,8,104,38,27,61
2024-03-30 09:00:00,2024,3,30,9,100,36,27,62
2024-03-30 10:00:00,2024,3,30,10,97,34,27,63
2024-03-30 11:00:00,2024,3,30,11,93,32,27,63
2024-03-30 12:00:00,2024,3,30,12,89,30,27,64
2024-03-30 13:00:00,2024,3,30,13,85,28,27,65
2024-03-30 14:00:00,2024,3,30,14,82,27,27,66
2024-03-30 15:00:00,2024,3,30,15,94,32,28,64
2024-03-30 16:00:00,2024,3,30,16,97,34,28,64
2024-03-30 17:00:00,2024,3,30,17,105,37,28,65
2024-03-30 18:00:00,2024,3,30,18,121,43,27,65
2024-03-30 19:00:00,2024,3,30,19,124,45,26,68
2024-03-30 20:00:00,2024,3,30,20,145,59,25,68
2024-03-30 21:00:00,2024,3,30,21,110,39,21,80
2024-03-30 22:00:00,2024,3,30,22,93,32,21,81
2024-03-30 23:00:00,2024,3,30,23,82,26,20,81
2024-03-31 00:00:00,2024,3,31,0,78,25,20,80
2024-03-31 01:00:00,2024,3,31,1,61,17,20,80
2024-03-31 02:00:00,2024,3,31,2,61,17,20,78
2024-03-31 03:00:00,2024,3,31,3,62,17,21,76
2024-03-31 04:00:00,2024,3,31,4,62,17,21,74
2024-03-31 05:00:00,2024,3,31,5,63,18,22,72
2024-03-31 06:00:00,2024,3,31,6,64,18,22,71
2024-03-31 07:00:00,2024,3,31,7,64,18,23,69
2024-03-31 08:00:00,2024,3,31,8,65,19,23,67
2024-03-31 09:00:00,2024,3,31,9,66,19,24,65
2024-03-31 10:00:00,2024,3,31,10,66,19,24,63
2024-03-31 11:00:00,2024,3,31,11,67,19,25,62
2024-03-31 12:00:00,2024,3,31,12,68,20,25,60
2024-03-31 13:00:00,2024,3,31,13,68,20,26,58
2024-03-31 14:00:00,2024,3,31,14,69,20,26,56
2024-03-31 15:00:00,2024,3,31,15,70,21,27,55
2024-03-31 16:00:00,2024,3,31,16,58,15,27,54
2024-03-31 17:00:00,2024,3,31,17,55,14,26,54
2024-03-31 18:00:00,2024,3,31,18,83,27,26,57
2024-03-31 19:00:00,2024,3,31,19,119,42,25,59
2024-03-31 20:00:00,2024,3,31,20,135,49,25,58
2024-03-31 21:00:00,2024,3,31,21,158,70,25,59
2024-03-31 22:00:00,2024,3,31,22,169,91,24,61
2024-03-31 23:00:00,2024,3,31,23,165,84,23,60
2024-04-01 00:00:00,2024,4,1,0,159,72,22,59
2024-04-01 01:00:00,2024,4,1,1,152,60,22,58
2024-04-01 02:00:00,2024,4,1,2,152,60,22,58
2024-04-01 03:00:00,2024,4,1,3,160,73,22,59
2024-04-01 04:00:00,2024,4,1,4,154,69,22,58
2024-04-01 05:00:00,2024,4,1,5,148,66,22,57
2024-04-01 06:00:00,2024,4,1,6,143,63,23,56
2024-04-01 07:00:00,2024,4,1,7,137,59,23,55
2024-04-01 08:00:00,2024,4,1,8,131,56,23,54
2024-04-01 09:00:00,2024,4,1,9,126,53,24,53
2024-04-01 10:00:00,2024,4,1,10,120,49,24,52
2024-04-01 11:00:00,2024,4,1,11,114,46,24,51
2024-04-01 12:00:00,2024,4,1,12,109,43,25,50
2024-04-01 13:00:00,2024,4,1,13,103,39,25,49
2024-04-01 14:00:00,2024,4,1,14,97,36,25,48
2024-04-01 15:00:00,2024,4,1,15,92,33,26,47
2024-04-01 16:00:00,2024,4,1,16,86,29,26,46
2024-04-01 17:00:00,2024,4,1,17,80,26,26,45
2024-04-01 18:00:00,2024,4,1,18,75,23,27,44
2024-04-01 19:00:00,2024,4,1,19,105,37,26,50
2024-04-01 20:00:00,2024,4,1,20,143,56,25,54
2024-04-01 21:00:00,2024,4,1,21,160,73,25,56
2024-04-01 22:00:00,2024,4,1,22,174,101,25,60
2024-04-01 23:00:00,2024,4,1,23,186,123,24,61
2024-04-02 00:00:00,2024,4,2,0,170,93,24,62
2024-04-02 01:00:00,2024,4,2,1,208,136,23,63
2024-04-02 02:00:00,2024,4,2,2,246,179,22,65
2024-04-02 03:00:00,2024,4,2,3,284,223,22,66
2024-04-02 04:00:00,2024,4,2,4,322,266,21,68
2024-04-02 05:00:00,2024,4,2,5,360,310,21,70
2024-04-02 06:00:00,2024,4,2,6,381,331,21,70
2024-04-02 07:00:00,2024,4,2,7,320,270,23,62
2024-04-02 08:00:00,2024,4,2,8,205,143,25,53
2024-04-02 09:00:00,2024,4,2,9,158,72,26,47
2024-04-02 10:00:00,2024,4,2,10,130,47,28,43
2024-04-02 11:00:00,2024,4,2,11,84,27,29,37
2024-04-02 12:00:00,2024,4,2,12,62,17,29,34
2024-04-02 13:00:00,2024,4,2,13,56,14,30,33
2024-04-02 14:00:00,2024,4,2,14,60,16,30,31
2024-04-02 15:00:00,2024,4,2,15,67,19,30,33
2024-04-02 16:00:00,2024,4,2,16,64,18,30,34
2024-04-02 17:00:00,2024,4,2,17,68,20,30,35
2024-04-02 18:00:00,2024,4,2,18,81,26,29,39
2024-04-02 19:00:00,2024,4,2,19,113,40,28,47
2024-04-02 20:00:00,2024,4,2,20,132,48,27,52
2024-04-02 21:00:00,2024,4,2,21,141,52,26,54
2024-04-02 22:00:00,2024,4,2,22,173,99,26,55
2024-04-02 23:00:00,2024,4,2,23,222,171,25,53
2024-04-03 00:00:00,2024,4,3,0,193,132,25,52
2024-04-03 01:00:00,2024,4,3,1,180,112,25,54
2024-04-03 02:00:00,2024,4,3,2,181,115,24,55
2024-04-03 03:00:00,2024,4,3,3,183,119,24,56
2024-04-03 04:00:00,2024,4,3,4,185,123,24,57
2024-04-03 05:00:00,2024,4,3,5,185,123,24,58
2024-04-03 06:00:00,2024,4,3,6,192,134,24,59
2024-04-03 07:00:00,2024,4,3,7,185,122,25,53
2024-04-03 08:00:00,2024,4,3,8,176,104,26,49
2024-04-03 09:00:00,2024,4,3,9,149,59,28,44
2024-04-03 10:00:00,2024,4,3,10,136,51,29,43
2024-04-03 11:00:00,2024,4,3,11,118,42,29,40
2024-04-03 12:00:00,2024,4,3,12,107,38,30,36
2024-04-03 13:00:00,2024,4,3,13,119,43,31,36
2024-04-03 14:00:00,2024,4,3,14,124,45,31,35
2024-04-03 15:00:00,2024,4,3,15,121,43,31,37
2024-04-03 16:00:00,2024,4,3,16,109,38,31,38
2024-04-03 17:00:00,2024,4,3,17,104,36,31,38
2024-04-03 18:00:00,2024,4,3,18,92,31,30,37
2024-04-03 19:00:00,2024,4,3,19,142,52,28,53
2024-04-03 20:00:00,2024,4,3,20,157,70,29,47
2024-04-03 21:00:00,2024,4,3,21,138,51,28,47
2024-04-03 22:00:00,2024,4,3,22,112,40,27,44
2024-04-03 23:00:00,2024,4,3,23,109,39,27,42
2024-04-04 00:00:00,2024,4,4,0,135,49,27,40
2024-04-04 01:00:00,2024,4,4,1,127,46,26,40
2024-04-04 02:00:00,2024,4,4,2,133,49,25,41
2024-04-04 03:00:00,2024,4,4,3,139,52,25,42
2024-04-04 04:00:00,2024,4,4,4,145,55,25,43
2024-04-04 05:00:00,2024,4,4,5,156,67,25,44
2024-04-04 06:00:00,2024,4,4,6,147,60,24,46
2024-04-04 07:00:00,2024,4,4,7,151,56,25,48
2024-04-04 08:00:00,2024,4,4,8,182,115,27,44
2024-04-04 09:00:00,2024,4,4,9,173,98,27,45
2024-04-04 10:00:00,2024,4,4,10,162,80,29,42
2024-04-04 11:00:00,2024,4,4,11,100,35,30,31
2024-04-04 12:00:00,2024,4,4,12,81,26,32,26
2024-04-04 13:00:00,2024,4,4,13,80,26,32,27
2024-04-04 14:00:00,2024,4,4,14,70,21,31,34
2024-04-04 15:00:00,2024,4,4,15,65,18,31,32
2024-04-04 16:00:00,2024,4,4,16,65,18,31,31
2024-04-04 17:00:00,2024,4,4,17,76,24,30,37
2024-04-04 18:00:00,2024,4,4,18,97,33,29,38
2024-04-04 19:00:00,2024,4,4,19,128,46,29,42
2024-04-04 20:00:00,2024,4,4,20,145,61,28,43
2024-04-04 21:00:00,2024,4,4,21,162,77,28,45
2024-04-04 22:00:00,2024,4,4,22,165,84,27,45
2024-04-04 23:00:00,2024,4,4,23,172,96,27,45
2024-04-05 00:00:00,2024,4,5,0,175,103,26,46
2024-04-05 01:00:00,2024,4,5,1,179,110,25,47
2024-04-05 02:00:00,2024,4,5,2,183,117,25,48
2024-04-05 03:00:00,2024,4,5,3,174,108,25,46
2024-04-05 04:00:00,2024,4,5,4,166,99,26,45
2024-04-05 05:00:00,2024,4,5,5,158,91,26,44
2024-04-05 06:00:00,2024,4,5,6,150,82,27,42
2024-04-05 07:00:00,2024,4,5,7,141,73,27,41
2024-04-05 08:00:00,2024,4,5,8,133,65,28,40
2024-04-05 09:00:00,2024,4,5,9,125,56,28,38
2024-04-05 10:00:00,2024,4,5,10,117,47,29,37
2024-04-05 11:00:00,2024,4,5,11,109,39,30,36
2024-04-05 12:00:00,2024,4,5,12,95,32,31,33
2024-04-05 13:00:00,2024,4,5,13,100,35,31,34
2024-04-05 14:00:00,2024,4,5,14,81,26,31,32
2024-04-05 15:00:00,2024,4,5,15,77,24,31,31
2024-04-05 16:00:00,2024,4,5,16,84,28,31,32
2024-04-05 17:00:00,2024,4,5,17,88,29,31,33
2024-04-05 18:00:00,2024,4,5,18,101,35,30,37
2024-04-05 19:00:00,2024,4,5,19,114,40,29,40
2024-04-05 20:00:00,2024,4,5,20,135,49,29,42
2024-04-05 21:00:00,2024,4,5,21,149,56,28,44
2024-04-05 22:00:00,2024,4,5,22,150,57,27,49
2024-04-05 23:00:00,2024,4,5,23,153,60,27,49
2024-04-06 00:00:00,2024,4,6,0,158,70,27,46
2024-04-06 01:00:00,2024,4,6,1,173,94,26,47
2024-04-06 02:00:00,2024,4,6,2,188,119,26,49
2024-04-06 03:00:00,2024,4,6,3,203,143,25,50
2024-04-06 04:00:00,2024,4,6,4,218,168,25,52
2024-04-06 05:00:00,2024,4,6,5,257,207,24,56
2024-04-06 06:00:00,2024,4,6,6,370,320,23,57
2024-04-06 07:00:00,2024,4,6,7,347,297,24,55
2024-04-06 08:00:00,2024,4,6,8,227,175,25,46
2024-04-06 09:00:00,2024,4,6,9,142,61,27,39
2024-04-06 10:00:00,2024,4,6,10,124,45,29,37
2024-04-06 11:00:00,2024,4,6,11,95,33,30,31
2024-04-06 12:00:00,2024,4,6,12,77,24,31,28
2024-04-06 13:00:00,2024,4,6,13,72,22,31,27
2024-04-06 14:00:00,2024,4,6,14,65,19,31,26
2024-04-06 15:00:00,2024,4,6,15,59,16,32,26
2024-04-06 16:00:00,2024,4,6,16,59,16,32,26
2024-04-06 17:00:00,2024,4,6,17,74,23,31,30
2024-04-06 18:00:00,2024,4,6,18,90,30,30,34
2024-04-06 19:00:00,2024,4,6,19,117,42,30,38
2024-04-06 20:00:00,2024,4,6,20,141,52,29,40
2024-04-06 21:00:00,2024,4,6,21,158,77,28,43
2024-04-06 22:00:00,2024,4,6,22,175,102,27,47
2024-04-06 23:00:00,2024,4,6,23,171,96,27,46
2024-04-07 00:00:00,2024,4,7,0,192,129,26,49
2024-04-07 01:00:00,2024,4,7,1,213,163,25,52
2024-04-07 02:00:00,2024,4,7,2,197,143,25,50
2024-04-07 03:00:00,2024,4,7,3,182,116,25,46
2024-04-07 04:00:00,2024,4,7,4,176,103,25,44
2024-04-07 05:00:00,2024,4,7,5,169,90,25,42
2024-04-07 06:00:00,2024,4,7,6,162,77,26,41
2024-04-07 07:00:00,2024,4,7,7,155,65,27,40
2024-04-07 08:00:00,2024,4,7,8,152,59,27,38
2024-04-07 09:00:00,2024,4,7,9,151,59,29,36
2024-04-07 10:00:00,2024,4,7,10,165,83,30,36
2024-04-07 11:00:00,2024,4,7,11,127,50,31,30
2024-04-07 12:00:00,2024,4,7,12,77,24,32,25
2024-04-07 13:00:00,2024,4,7,13,69,21,32,25
2024-04-07 14:00:00,2024,4,7,14,62,17,32,25
2024-04-07 15:00:00,2024,4,7,15,59,16,33,25
2024-04-07 16:00:00,2024,4,7,16,60,16,33,26
2024-04-07 17:00:00,2024,4,7,17,60,16,32,27
2024-04-07 18:00:00,2024,4,7,18,76,24,31,30
2024-04-07 19:00:00,2024,4,7,19,113,40,30,38
2024-04-07 20:00:00,2024,4,7,20,134,49,29,41
2024-04-07 21:00:00,2024,4,7,21,155,68,28,43
2024-04-07 22:00:00,2024,4,7,22,171,94,28,47
2024-04-07 23:00:00,2024,4,7,23,177,106,28,44
2024-04-08 00:00:00,2024,4,8,0,178,109,27,46
2024-04-08 01:00:00,2024,4,8,1,179,112,26,48
2024-04-08 02:00:00,2024,4,8,2,181,115,26,50
2024-04-08 03:00:00,2024,4,8,3,182,118,25,52
2024-04-08 04:00:00,2024,4,8,4,184,121,25,54
2024-04-08 05:00:00,2024,4,8,5,178,107,26,46
2024-04-08 06:00:00,2024,4,8,6,176,104,26,45
2024-04-08 07:00:00,2024,4,8,7,175,101,26,45
2024-04-08 08:00:00,2024,4,8,8,173,99,26,45
2024-04-08 09:00:00,2024,4,8,9,172,96,26,45
2024-04-08 10:00:00,2024,4,8,10,171,94,27,45
2024-04-08 11:00:00,2024,4,8,11,169,91,27,45
2024-04-08 12:00:00,2024,4,8,12,168,88,27,45
2024-04-08 13:00:00,2024,4,8,13,166,86,27,44
2024-04-08 14:00:00,2024,4,8,14,165,83,27,44
2024-04-08 15:00:00,2024,4,8,15,164,81,28,44
2024-04-08 16:00:00,2024,4,8,16,162,78,28,44
2024-04-08 17:00:00,2024,4,8,17,161,75,28,44
2024-04-08 18:00:00,2024,4,8,18,159,73,28,44
2024-04-08 19:00:00,2024,4,8,19,158,70,28,44
2024-04-08 20:00:00,2024,4,8,20,157,68,29,44
2024-04-08 21:00:00,2024,4,8,21,157,68,29,45
2024-04-08 22:00:00,2024,4,8,22,159,72,28,47
2024-04-08 23:00:00,2024,4,8,23,170,92,27,50
2024-04-09 00:00:00,2024,4,9,0,185,121,27,54
2024-04-09 01:00:00,2024,4,9,1,244,194,26,50
2024-04-09 02:00:00,2024,4,9,2,261,211,26,52
2024-04-09 03:00:00,2024,4,9,3,282,232,25,51
2024-04-09 04:00:00,2024,4,9,4,304,254,25,51
2024-04-09 05:00:00,2024,4,9,5,290,237,25,49
2024-04-09 06:00:00,2024,4,9,6,276,221,25,48
2024-04-09 07:00:00,2024,4,9,7,262,205,26,47
2024-04-09 08:00:00,2024,4,9,8,248,189,26,46
2024-04-09 09:00:00,2024,4,9,9,234,173,27,44
2024-04-09 10:00:00,2024,4,9,10,220,157,27,43
2024-04-09 11:00:00,2024,4,9,11,207,141,28,42
2024-04-09 12:00:00,2024,4,9,12,193,125,28,41
2024-04-09 13:00:00,2024,4,9,13,179,109,29,39
2024-04-09 14:00:00,2024,4,9,14,165,93,29,38
2024-04-09 15:00:00,2024,4,9,15,151,77,30,37
2024-04-09 16:00:00,2024,4,9,16,137,61,30,36
2024-04-09 17:00:00,2024,4,9,17,124,45,31,35
2024-04-09 18:00:00,2024,4,9,18,139,55,32,34
2024-04-09 19:00:00,2024,4,9,19,164,81,31,38
2024-04-09 20:00:00,2024,4,9,20,161,75,30,40
2024-04-09 21:00:00,2024,4,9,21,178,108,29,47
2024-04-09 22:00:00,2024,4,9,22,182,115,29,49
2024-04-09 23:00:00,2024,4,9,23,185,122,28,51
2024-04-10 00:00:00,2024,4,10,0,200,140,27,53
2024-04-10 01:00:00,2024,4,10,1,215,159,26,56
2024-04-10 02:00:00,2024,4,10,2,231,178,26,59
2024-04-10 03:00:00,2024,4,10,3,266,216,26,60
2024-04-10 04:00:00,2024,4,10,4,269,219,26,57
2024-04-10 05:00:00,2024,4,10,5,240,190,25,56
2024-04-10 06:00:00,2024,4,10,6,232,182,26,55
2024-04-10 07:00:00,2024,4,10,7,230,180,26,55
2024-04-10 08:00:00,2024,4,10,8,219,167,26,53
2024-04-10 09:00:00,2024,4,10,9,209,154,27,51
2024-04-10 10:00:00,2024,4,10,10,199,142,27,50
2024-04-10 11:00:00,2024,4,10,11,188,129,28,48
2024-04-10 12:00:00,2024,4,10,12,178,117,28,47
2024-04-10 13:00:00,2024,4,10,13,168,104,29,45
2024-04-10 14:00:00,2024,4,10,14,158,92,29,44
2024-04-10 15:00:00,2024,4,10,15,147,79,30,42
2024-04-10 16:00:00,2024,4,10,16,137,67,30,41
2024-04-10 17:00:00,2024,4,10,17,127,54,31,39
2024-04-10 18:00:00,2024,4,10,18,117,42,32,38
2024-04-10 19:00:00,2024,4,10,19,133,48,32,36
2024-04-10 20:00:00,2024,4,10,20,135,49,31,39
2024-04-10 21:00:00,2024,4,10,21,85,28,29,35
2024-04-10 22:00:00,2024,4,10,22,68,20,28,37
2024-04-10 23:00:00,2024,4,10,23,90,31,27,40
2024-04-11 00:00:00,2024,4,11,0,70,21,28,38
2024-04-11 01:00:00,2024,4,11,1,65,18,28,37
2024-04-11 02:00:00,2024,4,11,2,69,20,27,39
2024-04-11 03:00:00,2024,4,11,3,77,24,26,44
2024-04-11 04:00:00,2024,4,11,4,77,24,26,45
2024-04-11 05:00:00,2024,4,11,5,70,21,27,44
2024-04-11 06:00:00,2024,4,11,6,72,22,27,44
2024-04-11 07:00:00,2024,4,11,7,75,23,27,42
2024-04-11 08:00:00,2024,4,11,8,78,25,29,40
2024-04-11 09:00:00,2024,4,11,9,81,26,29,38
2024-04-11 10:00:00,2024,4,11,10,84,27,30,37
2024-04-11 11:00:00,2024,4,11,11,87,29,30,36
2024-04-11 12:00:00,2024,4,11,12,91,30,31,34
2024-04-11 13:00:00,2024,4,11,13,94,32,31,33
2024-04-11 14:00:00,2024,4,11,14,97,33,32,32
2024-04-11 15:00:00,2024,4,11,15,101,35,33,31
2024-04-11 16:00:00,2024,4,11,16,76,24,34,31
2024-04-11 17:00:00,2024,4,11,17,76,24,33,31
2024-04-11 18:00:00,2024,4,11,18,74,23,32,32
2024-04-11 19:00:00,2024,4,11,19,75,23,30,36
2024-04-11 20:00:00,2024,4,11,20,79,25,30,36
2024-04-11 21:00:00,2024,4,11,21,82,26,29,36
2024-04-11 22:00:00,2024,4,11,22,85,28,29,36
2024-04-11 23:00:00,2024,4,11,23,88,29,29,36
2024-04-12 00:00:00,2024,4,12,0,91,31,29,37
2024-04-12 01:00:00,2024,4,12,1,89,30,27,40
2024-04-12 02:00:00,2024,4,12,2,76,24,27,40
2024-04-12 03:00:00,2024,4,12,3,50,15,26,40
2024-04-12 04:00:00,2024,4,12,4,63,18,26,40
2024-04-12 05:00:00,2024,4,12,5,71,21,26,41
2024-04-12 06:00:00,2024,4,12,6,72,25,26,45
2024-04-12 07:00:00,2024,4,12,7,107,38,27,42
2024-04-12 08:00:00,2024,4,12,8,103,36,28,39
2024-04-12 09:00:00,2024,4,12,9,110,39,30,37
2024-04-12 10:00:00,2024,4,12,10,103,36,31,36
2024-04-12 11:00:00,2024,4,12,11,95,33,32,34
2024-04-12 12:00:00,2024,4,12,12,101,35,33,33
2024-04-12 13:00:00,2024,4,12,13,96,33,33,34
2024-04-12 14:00:00,2024,4,12,14,104,36,33,34
2024-04-12 15:00:00,2024,4,12,15,100,35,33,35
2024-04-12 16:00:00,2024,4,12,16,103,36,33,35
2024-04-12 17:00:00,2024,4,12,17,100,35,33,38
2024-04-12 18:00:00,2024,4,12,18,98,34,32,39
2024-04-12 19:00:00,2024,4,12,19,97,33,32,40
2024-04-12 20:00:00,2024,4,12,20,96,33,31,41
2024-04-12 21:00:00,2024,4,12,21,94,32,31,42
2024-04-12 22:00:00,2024,4,12,22,93,32,31,43
2024-04-12 23:00:00,2024,4,12,23,92,31,30,44
2024-04-13 00:00:00,2024,4,13,0,90,30,30,45
2024-04-13 01:00:00,2024,4,13,1,89,30,30,46
2024-04-13 02:00:00,2024,4,13,2,88,29,29,47
2024-04-13 03:00:00,2024,4,13,3,87,29,29,48
2024-04-13 04:00:00,2024,4,13,4,85,28,29,49
2024-04-13 05:00:00,2024,4,13,5,84,27,28,50
2024-04-13 06:00:00,2024,4,13,6,83,27,28,51
2024-04-13 07:00:00,2024,4,13,7,81,26,28,52
2024-04-13 08:00:00,2024,4,13,8,80,26,27,53
2024-04-13 09:00:00,2024,4,13,9,79,25,27,54
2024-04-13 10:00:00,2024,4,13,10,77,24,27,55
2024-04-13 11:00:00,2024,4,13,11,76,24,26,56
2024-04-13 12:00:00,2024,4,13,12,75,23,26,57
2024-04-13 13:00:00,2024,4,13,13,74,23,26,59
2024-04-13 14:00:00,2024,4,13,14,68,20,25,62
2024-04-13 15:00:00,2024,4,13,15,80,26,25,64
2024-04-13 16:00:00,2024,4,13,16,75,23,25,62
2024-04-13 17:00:00,2024,4,13,17,92,31,25,62
2024-04-13 18:00:00,2024,4,13,18,110,39,25,62
2024-04-13 19:00:00,2024,4,13,19,98,35,25,60
2024-04-13 20:00:00,2024,4,13,20,150,58,25,62
2024-04-13 21:00:00,2024,4,13,21,140,51,25,63
2024-04-13 22:00:00,2024,4,13,22,140,51,25,64
2024-04-13 23:00:00,2024,4,13,23,114,45,24,66
2024-04-14 00:00:00,2024,4,14,0,156,66,24,66
2024-04-14 01:00:00,2024,4,14,1,151,58,24,67
2024-04-14 02:00:00,2024,4,14,2,163,79,23,72
2024-04-14 03:00:00,2024,4,14,3,173,99,22,76
2024-04-14 04:00:00,2024,4,14,4,169,91,22,75
2024-04-14 05:00:00,2024,4,14,5,160,73,22,72
2024-04-14 06:00:00,2024,4,14,6,165,82,22,73
2024-04-14 07:00:00,2024,4,14,7,162,78,22,72
2024-04-14 08:00:00,2024,4,14,8,159,75,22,72
2024-04-14 09:00:00,2024,4,14,9,157,72,23,71
2024-04-14 10:00:00,2024,4,14,10,154,68,23,71
2024-04-14 11:00:00,2024,4,14,11,152,65,23,70
2024-04-14 12:00:00,2024,4,14,12,149,62,24,70
2024-04-14 13:00:00,2024,4,14,13,147,58,24,69
2024-04-14 14:00:00,2024,4,14,14,144,55,24,69
2024-04-14 15:00:00,2024,4,14,15,142,52,25,69
2024-04-14 16:00:00,2024,4,14,16,148,55,24,77
2024-04-14 17:00:00,2024,4,14,17,126,45,23,74
2024-04-14 18:00:00,2024,4,14,18,145,53,24,68
2024-04-14 19:00:00,2024,4,14,19,144,53,24,67
2024-04-14 20:00:00,2024,4,14,20,150,55,24,68
2024-04-14 21:00:00,2024,4,14,21,155,64,24,69
2024-04-14 22:00:00,2024,4,14,22,155,64,24,69
2024-04-14 23:00:00,2024,4,14,23,157,68,24,69
2024-04-15 00:00:00,2024,4,15,0,156,67,24,69
2024-04-15 01:00:00,2024,4,15,1,159,71,24,70
2024-04-15 02:00:00,2024,4,15,2,161,75,24,71
2024-04-15 03:00:00,2024,4,15,3,175,102,24,76
2024-04-15 04:00:00,2024,4,15,4,170,93,24,77
2024-04-15 05:00:00,2024,4,15,5,171,95,24,75
2024-04-15 06:00:00,2024,4,15,6,186,124,24,70
2024-04-15 07:00:00,2024,4,15,7,186,125,25,67
2024-04-15 08:00:00,2024,4,15,8,163,79,26,63
2024-04-15 09:00:00,2024,4,15,9,159,73,27,61
2024-04-15 10:00:00,2024,4,15,10,157,70,27,63
2024-04-15 11:00:00,2024,4,15,11,156,68,27,66
2024-04-15 12:00:00,2024,4,15,12,154,66,27,68
2024-04-15 13:00:00,2024,4,15,13,153,64,27,71
2024-04-15 14:00:00,2024,4,15,14,151,62,27,73
2024-04-15 15:00:00,2024,4,15,15,150,60,27,76
2024-04-15 16:00:00,2024,4,15,16,150,61,27,71
2024-04-15 17:00:00,2024,4,15,17,154,63,26,73
2024-04-15 18:00:00,2024,4,15,18,155,64,24,76
2024-04-15 19:00:00,2024,4,15,19,120,43,24,75
2024-04-15 20:00:00,2024,4,15,20,109,39,23,75
2024-04-15 21:00:00,2024,4,15,21,104,37,24,74
2024-04-15 22:00:00,2024,4,15,22,95,33,23,75
2024-04-15 23:00:00,2024,4,15,23,105,37,24,76
2024-04-16 00:00:00,2024,4,16,0,121,44,23,79
2024-04-16 01:00:00,2024,4,16,1,94,34,23,81
2024-04-16 02:00:00,2024,4,16,2,138,50,23,81
2024-04-16 03:00:00,2024,4,16,3,143,52,23,80
2024-04-16 04:00:00,2024,4,16,4,177,106,22,84
2024-04-16 05:00:00,2024,4,16,5,127,69,20,90
2024-04-16 06:00:00,2024,4,16,6,162,77,20,87
2024-04-16 07:00:00,2024,4,16,7,159,70,22,81
2024-04-16 08:00:00,2024,4,16,8,156,67,22,77
2024-04-16 09:00:00,2024,4,16,9,148,62,22,74
2024-04-16 10:00:00,2024,4,16,10,140,58,23,72
2024-04-16 11:00:00,2024,4,16,11,132,54,23,70
2024-04-16 12:00:00,2024,4,16,12,124,50,24,68
2024-04-16 13:00:00,2024,4,16,13,116,46,24,66
2024-04-16 14:00:00,2024,4,16,14,109,41,25,63
2024-04-16 15:00:00,2024,4,16,15,101,37,25,61
2024-04-16 16:00:00,2024,4,16,16,93,33,26,59
2024-04-16 17:00:00,2024,4,16,17,85,29,26,57
2024-04-16 18:00:00,2024,4,16,18,77,25,27,55
2024-04-16 19:00:00,2024,4,16,19,70,21,28,53
2024-04-16 20:00:00,2024,4,16,20,89,30,27,53
2024-04-16 21:00:00,2024,4,16,21,108,38,27,55
2024-04-16 22:00:00,2024,4,16,22,117,42,26,57
2024-04-16 23:00:00,2024,4,16,23,113,40,26,58
2024-04-17 00:00:00,2024,4,17,0,117,41,26,57
2024-04-17 01:00:00,2024,4,17,1,121,43,26,56
2024-04-17 02:00:00,2024,4,17,2,125,45,26,56
2024-04-17 03:00:00,2024,4,17,3,129,47,26,55
2024-04-17 04:00:00,2024,4,17,4,134,49,26,55
2024-04-17 05:00:00,2024,4,17,5,138,51,26,54
2024-04-17 06:00:00,2024,4,17,6,142,53,26,54
2024-04-17 07:00:00,2024,4,17,7,146,55,26,53
2024-04-17 08:00:00,2024,4,17,8,151,57,26,53
2024-04-17 09:00:00,2024,4,17,9,129,47,27,51
2024-04-17 10:00:00,2024,4,17,10,47,16,28,48
2024-04-17 11:00:00,2024,4,17,11,44,14,28,46
2024-04-17 12:00:00,2024,4,17,12,42,13,28,44
2024-04-17 13:00:00,2024,4,17,13,40,12,28,43
2024-04-17 14:00:00,2024,4,17,14,37,10,28,41
2024-04-17 15:00:00,2024,4,17,15,35,9,28,39
2024-04-17 16:00:00,2024,4,17,16,33,8,29,38
2024-04-17 17:00:00,2024,4,17,17,51,15,30,35
2024-04-17 18:00:00,2024,4,17,18,86,29,30,36
2024-04-17 19:00:00,2024,4,17,19,104,48,29,37
2024-04-17 20:00:00,2024,4,17,20,123,68,29,39
2024-04-17 21:00:00,2024,4,17,21,142,88,29,41
2024-04-17 22:00:00,2024,4,17,22,160,107,28,43
2024-04-17 23:00:00,2024,4,17,23,179,127,28,45
2024-04-18 00:00:00,2024,4,18,0,198,147,28,47
2024-04-18 01:00:00,2024,4,18,1,217,167,28,49
2024-04-18 02:00:00,2024,4,18,2,240,190,27,53
2024-04-18 03:00:00,2024,4,18,3,262,212,27,56
2024-04-18 04:00:00,2024,4,18,4,265,215,27,58
2024-04-18 05:00:00,2024,4,18,5,238,188,27,60
2024-04-18 06:00:00,2024,4,18,6,169,131,27,60
2024-04-18 07:00:00,2024,4,18,7,232,180,28,56
2024-04-18 08:00:00,2024,4,18,8,178,108,29,48
2024-04-18 09:00:00,2024,4,18,9,164,97,29,47
2024-04-18 10:00:00,2024,4,18,10,151,86,29,46
2024-04-18 11:00:00,2024,4,18,11,138,75,29,45
2024-04-18 12:00:00,2024,4,18,12,125,65,30,45
2024-04-18 13:00:00,2024,4,18,13,111,54,30,44
2024-04-18 14:00:00,2024,4,18,14,98,43,30,43
2024-04-18 15:00:00,2024,4,18,15,85,32,30,42
2024-04-18 16:00:00,2024,4,18,16,72,22,31,42
2024-04-18 17:00:00,2024,4,18,17,77,24,31,40
2024-04-18 18:00:00,2024,4,18,18,85,28,31,41
2024-04-18 19:00:00,2024,4,18,19,98,34,31,44
2024-04-18 20:00:00,2024,4,18,20,100,35,30,45
2024-04-18 21:00:00,2024,4,18,21,102,36,29,47
2024-04-18 22:00:00,2024,4,18,22,100,35,29,46
2024-04-18 23:00:00,2024,4,18,23,118,42,29,48
2024-04-19 00:00:00,2024,4,19,0,119,43,28,48
2024-04-19 01:00:00,2024,4,19,1,108,38,28,50
2024-04-19 02:00:00,2024,4,19,2,113,40,28,54
2024-04-19 03:00:00,2024,4,19,3,94,32,27,53
2024-04-19 04:00:00,2024,4,19,4,125,45,26,58
2024-04-19 05:00:00,2024,4,19,5,109,40,25,64
2024-04-19 06:00:00,2024,4,19,6,150,56,26,62
2024-04-19 07:00:00,2024,4,19,7,132,48,27,56
2024-04-19 08:00:00,2024,4,19,8,119,42,28,53
2024-04-19 09:00:00,2024,4,19,9,106,37,29,50
2024-04-19 10:00:00,2024,4,19,10,94,31,30,48
2024-04-19 11:00:00,2024,4,19,11,81,26,31,45
2024-04-19 12:00:00,2024,4,19,12,69,21,32,43
2024-04-19 13:00:00,2024,4,19,13,64,18,32,42
2024-04-19 14:00:00,2024,4,19,14,88,29,32,46
2024-04-19 15:00:00,2024,4,19,15,107,38,31,51
2024-04-19 16:00:00,2024,4,19,16,79,28,31,49
2024-04-19 17:00:00,2024,4,19,17,91,31,30,49
2024-04-19 18:00:00,2024,4,19,18,116,41,28,56
2024-04-19 19:00:00,2024,4,19,19,115,41,27,58
2024-04-19 20:00:00,2024,4,19,20,93,34,27,58
2024-04-19 21:00:00,2024,4,19,21,109,38,27,58
2024-04-19 22:00:00,2024,4,19,22,92,31,27,59
2024-04-19 23:00:00,2024,4,19,23,109,39,27,60
2024-04-20 00:00:00,2024,4,20,0,120,47,26,62
2024-04-20 01:00:00,2024,4,20,1,131,56,25,64
2024-04-20 02:00:00,2024,4,20,2,142,64,25,66
2024-04-20 03:00:00,2024,4,20,3,153,73,24,68
2024-04-20 04:00:00,2024,4,20,4,165,82,24,70
2024-04-20 05:00:00,2024,4,20,5,158,69,22,75
2024-04-20 06:00:00,2024,4,20,6,164,82,23,73
2024-04-20 07:00:00,2024,4,20,7,157,77,24,67
2024-04-20 08:00:00,2024,4,20,8,103,36,25,58
2024-04-20 09:00:00,2024,4,20,9,93,32,27,54
2024-04-20 10:00:00,2024,4,20,10,87,29,28,50
2024-04-20 11:00:00,2024,4,20,11,44,15,29,49
2024-04-20 12:00:00,2024,4,20,12,59,19,30,45
2024-04-20 13:00:00,2024,4,20,13,54,13,30,43
2024-04-20 14:00:00,2024,4,20,14,57,15,31,41
2024-04-20 15:00:00,2024,4,20,15,42,10,32,39
2024-04-20 16:00:00,2024,4,20,16,35,8,32,38
2024-04-20 17:00:00,2024,4,20,17,47,11,31,39
2024-04-20 18:00:00,2024,4,20,18,56,14,30,42
2024-04-20 19:00:00,2024,4,20,19,63,18,29,45
2024-04-20 20:00:00,2024,4,20,20,72,22,28,46
2024-04-20 21:00:00,2024,4,20,21,82,26,28,48
2024-04-20 22:00:00,2024,4,20,22,91,30,28,49
2024-04-20 23:00:00,2024,4,20,23,101,35,28,51
2024-04-21 00:00:00,2024,4,21,0,116,41,26,56
2024-04-21 01:00:00,2024,4,21,1,132,48,25,59
2024-04-21 02:00:00,2024,4,21,2,152,63,25,59
2024-04-21 03:00:00,2024,4,21,3,168,88,24,63
2024-04-21 04:00:00,2024,4,21,4,161,83,24,61
2024-04-21 05:00:00,2024,4,21,5,155,79,25,59
2024-04-21 06:00:00,2024,4,21,6,149,74,25,58
2024-04-21 07:00:00,2024,4,21,7,143,70,26,56
2024-04-21 08:00:00,2024,4,21,8,137,66,26,54
2024-04-21 09:00:00,2024,4,21,9,131,61,27,53
2024-04-21 10:00:00,2024,4,21,10,125,57,28,51
2024-04-21 11:00:00,2024,4,21,11,119,53,28,49
2024-04-21 12:00:00,2024,4,21,12,113,48,29,48
2024-04-21 13:00:00,2024,4,21,13,107,44,29,46
2024-04-21 14:00:00,2024,4,21,14,101,40,30,44
2024-04-21 15:00:00,2024,4,21,15,95,35,30,43
2024-04-21 16:00:00,2024,4,21,16,89,31,31,41
2024-04-21 17:00:00,2024,4,21,17,83,27,32,40
2024-04-21 18:00:00,2024,4,21,18,77,24,31,42
2024-04-21 19:00:00,2024,4,21,19,108,38,31,43
2024-04-21 20:00:00,2024,4,21,20,108,38,30,46
2024-04-21 21:00:00,2024,4,21,21,140,55,29,48
2024-04-21 22:00:00,2024,4,21,22,122,44,29,49
2024-04-21 23:00:00,2024,4,21,23,100,36,29,48
2024-04-22 00:00:00,2024,4,22,0,133,48,28,48
2024-04-22 01:00:00,2024,4,22,1,143,52,28,50
2024-04-22 02:00:00,2024,4,22,2,152,58,27,52
2024-04-22 03:00:00,2024,4,22,3,156,66,27,51
2024-04-22 04:00:00,2024,4,22,4,152,64,27,50
2024-04-22 05:00:00,2024,4,22,5,149,62,27,50
2024-04-22 06:00:00,2024,4,22,6,145,60,27,49
2024-04-22 07:00:00,2024,4,22,7,142,58,27,49
2024-04-22 08:00:00,2024,4,22,8,130,47,28,47
2024-04-22 09:00:00,2024,4,22,9,96,33,30,43
2024-04-22 10:00:00,2024,4,22,10,74,23,31,40
2024-04-22 11:00:00,2024,4,22,11,65,19,32,38
2024-04-22 12:00:00,2024,4,22,12,49,12,33,35
2024-04-22 13:00:00,2024,4,22,13,51,12,33,35
2024-04-22 14:00:00,2024,4,22,14,49,12,33,35
2024-04-22 15:00:00,2024,4,22,15,52,13,33,34
2024-04-22 16:00:00,2024,4,22,16,59,16,33,33
2024-04-22 17:00:00,2024,4,22,17,76,24,33,36
2024-04-22 18:00:00,2024,4,22,18,86,28,32,37
2024-04-22 19:00:00,2024,4,22,19,84,28,30,38
2024-04-22 20:00:00,2024,4,22,20,102,35,30,38
2024-04-22 21:00:00,2024,4,22,21,129,47,30,41
2024-04-22 22:00:00,2024,4,22,22,84,30,29,43
2024-04-22 23:00:00,2024,4,22,23,137,50,27,52
2024-04-23 00:00:00,2024,4,23,0,105,37,26,53
2024-04-23 01:00:00,2024,4,23,1,103,36,26,53
2024-04-23 02:00:00,2024,4,23,2,102,35,26,53
2024-04-23 03:00:00,2024,4,23,3,101,35,26,54
2024-04-23 04:00:00,2024,4,23,4,99,34,26,54
2024-04-23 05:00:00,2024,4,23,5,98,34,26,55
2024-04-23 06:00:00,2024,4,23,6,97,33,27,55
2024-04-23 07:00:00,2024,4,23,7,96,33,27,56
2024-04-23 08:00:00,2024,4,23,8,94,32,27,56
2024-04-23 09:00:00,2024,4,23,9,93,32,27,57
2024-04-23 10:00:00,2024,4,23,10,92,31,27,57
2024-04-23 11:00:00,2024,4,23,11,91,31,28,58
2024-04-23 12:00:00,2024,4,23,12,102,41,28,49
2024-04-23 13:00:00,2024,4,23,13,62,20,29,45
2024-04-23 14:00:00,2024,4,23,14,110,39,30,45
2024-04-23 15:00:00,2024,4,23,15,79,25,30,45
2024-04-23 16:00:00,2024,4,23,16,78,25,30,45
2024-04-23 17:00:00,2024,4,23,17,96,33,30,48
2024-04-23 18:00:00,2024,4,23,18,151,79,28,58
2024-04-23 19:00:00,2024,4,23,19,170,93,28,59
2024-04-23 20:00:00,2024,4,23,20,158,69,30,53
2024-04-23 21:00:00,2024,4,23,21,130,47,28,53
2024-04-23 22:00:00,2024,4,23,22,147,60,27,54
2024-04-23 23:00:00,2024,4,23,23,116,42,27,54
2024-04-24 00:00:00,2024,4,24,0,125,45,26,57
2024-04-24 01:00:00,2024,4,24,1,131,52,26,56
2024-04-24 02:00:00,2024,4,24,2,137,60,26,56
2024-04-24 03:00:00,2024,4,24,3,143,67,26,56
2024-04-24 04:00:00,2024,4,24,4,149,75,26,56
2024-04-24 05:00:00,2024,4,24,5,155,82,26,56
2024-04-24 06:00:00,2024,4,24,6,161,90,26,56
2024-04-24 07:00:00,2024,4,24,7,168,98,26,56
2024-04-24 08:00:00,2024,4,24,8,157,83,27,52
2024-04-24 09:00:00,2024,4,24,9,116,41,28,46
2024-04-24 10:00:00,2024,4,24,10,119,43,29,43
2024-04-24 11:00:00,2024,4,24,11,117,42,30,42
2024-04-24 12:00:00,2024,4,24,12,100,35,31,40
2024-04-24 13:00:00,2024,4,24,13,72,25,32,37
2024-04-24 14:00:00,2024,4,24,14,90,30,33,35
2024-04-24 15:00:00,2024,4,24,15,92,33,33,37
2024-04-24 16:00:00,2024,4,24,16,84,30,33,37
2024-04-24 17:00:00,2024,4,24,17,113,40,33,38
2024-04-24 18:00:00,2024,4,24,18,123,44,32,42
2024-04-24 19:00:00,2024,4,24,19,143,54,31,46
2024-04-24 20:00:00,2024,4,24,20,154,62,30,48
2024-04-24 21:00:00,2024,4,24,21,157,68,29,50
2024-04-24 22:00:00,2024,4,24,22,157,68,29,49
2024-04-24 23:00:00,2024,4,24,23,157,69,29,48
2024-04-25 00:00:00,2024,4,25,0,158,70,29,48
2024-04-25 01:00:00,2024,4,25,1,158,71,29,47
2024-04-25 02:00:00,2024,4,25,2,159,72,29,46
2024-04-25 03:00:00,2024,4,25,3,159,72,29,46
2024-04-25 04:00:00,2024,4,25,4,160,73,29,45
2024-04-25 05:00:00,2024,4,25,5,160,74,29,44
2024-04-25 06:00:00,2024,4,25,6,161,75,29,44
2024-04-25 07:00:00,2024,4,25,7,161,76,29,43
2024-04-25 08:00:00,2024,4,25,8,162,77,29,43
2024-04-25 09:00:00,2024,4,25,9,121,43,31,38
2024-04-25 10:00:00,2024,4,25,10,98,34,32,37
2024-04-25 11:00:00,2024,4,25,11,90,30,33,36
2024-04-25 12:00:00,2024,4,25,12,89,30,33,36
2024-04-25 13:00:00,2024,4,25,13,74,26,34,34
2024-04-25 14:00:00,2024,4,25,14,86,29,35,32
2024-04-25 15:00:00,2024,4,25,15,84,28,35,32
2024-04-25 16:00:00,2024,4,25,16,86,28,35,32
2024-04-25 17:00:00,2024,4,25,17,93,32,35,32
2024-04-25 18:00:00,2024,4,25,18,98,34,34,36
2024-04-25 19:00:00,2024,4,25,19,120,43,33,40
2024-04-25 20:00:00,2024,4,25,20,119,42,32,39
2024-04-25 21:00:00,2024,4,25,21,119,42,32,39
2024-04-25 22:00:00,2024,4,25,22,119,42,32,39
2024-04-25 23:00:00,2024,4,25,23,118,42,32,39
2024-04-26 00:00:00,2024,4,26,0,118,42,32,39
2024-04-26 01:00:00,2024,4,26,1,118,42,32,39
2024-04-26 02:00:00,2024,4,26,2,118,42,32,39
2024-04-26 03:00:00,2024,4,26,3,117,42,32,39
2024-04-26 04:00:00,2024,4,26,4,117,42,32,39
2024-04-26 05:00:00,2024,4,26,5,117,41,32,39
2024-04-26 06:00:00,2024,4,26,6,116,41,32,39
2024-04-26 07:00:00,2024,4,26,7,116,41,32,39
2024-04-26 08:00:00,2024,4,26,8,116,41,32,39
2024-04-26 09:00:00,2024,4,26,9,116,41,32,39
2024-04-26 10:00:00,2024,4,26,10,115,41,32,39
2024-04-26 11:00:00,2024,4,26,11,115,41,32,39
2024-04-26 12:00:00,2024,4,26,12,115,41,32,39
2024-04-26 13:00:00,2024,4,26,13,115,41,32,39
2024-04-26 14:00:00,2024,4,26,14,115,41,35,34
2024-04-26 15:00:00,2024,4,26,15,114,40,36,33
2024-04-26 16:00:00,2024,4,26,16,110,39,35,37
2024-04-26 17:00:00,2024,4,26,17,110,39,31,53
2024-04-26 18:00:00,2024,4,26,18,86,31,25,74
2024-04-26 19:00:00,2024,4,26,19,118,42,26,68
2024-04-26 20:00:00,2024,4,26,20,115,41,26,67
2024-04-26 21:00:00,2024,4,26,21,113,40,26,66
2024-04-26 22:00:00,2024,4,26,22,111,39,26,65
2024-04-26 23:00:00,2024,4,26,23,109,38,26,64
2024-04-27 00:00:00,2024,4,27,0,107,37,26,63
2024-04-27 01:00:00,2024,4,27,1,105,36,26,62
2024-04-27 02:00:00,2024,4,27,2,103,35,26,61
2024-04-27 03:00:00,2024,4,27,3,101,34,26,60
2024-04-27 04:00:00,2024,4,27,4,99,34,27,60
2024-04-27 05:00:00,2024,4,27,5,97,33,27,59
2024-04-27 06:00:00,2024,4,27,6,95,32,27,58
2024-04-27 07:00:00,2024,4,27,7,93,31,27,57
2024-04-27 08:00:00,2024,4,27,8,91,30,27,56
2024-04-27 09:00:00,2024,4,27,9,89,29,27,55
2024-04-27 10:00:00,2024,4,27,10,87,28,27,54
2024-04-27 11:00:00,2024,4,27,11,85,27,27,53
2024-04-27 12:00:00,2024,4,27,12,83,27,28,53
2024-04-27 13:00:00,2024,4,27,13,96,33,29,53
2024-04-27 14:00:00,2024,4,27,14,104,36,30,50
2024-04-27 15:00:00,2024,4,27,15,99,35,30,51
2024-04-27 16:00:00,2024,4,27,16,99,35,30,50
2024-04-27 17:00:00,2024,4,27,17,99,35,30,50
2024-04-27 18:00:00,2024,4,27,18,99,35,30,49
2024-04-27 19:00:00,2024,4,27,19,99,35,30,49
2024-04-27 20:00:00,2024,4,27,20,99,35,30,48
2024-04-27 21:00:00,2024,4,27,21,100,35,30,48
2024-04-27 22:00:00,2024,4,27,22,100,35,30,47
2024-04-27 23:00:00,2024,4,27,23,100,35,30,47
2024-04-28 00:00:00,2024,4,28,0,100,35,30,47
2024-04-28 01:00:00,2024,4,28,1,100,35,30,46
2024-04-28 02:00:00,2024,4,28,2,100,35,30,46
2024-04-28 03:00:00,2024,4,28,3,101,35,30,45
2024-04-28 04:00:00,2024,4,28,4,101,35,30,45
2024-04-28 05:00:00,2024,4,28,5,101,35,30,44
2024-04-28 06:00:00,2024,4,28,6,101,35,30,44
2024-04-28 07:00:00,2024,4,28,7,101,35,30,44
2024-04-28 08:00:00,2024,4,28,8,101,35,30,43
2024-04-28 09:00:00,2024,4,28,9,102,35,30,43
2024-04-28 10:00:00,2024,4,28,10,102,35,30,42
2024-04-28 11:00:00,2024,4,28,11,102,35,30,42
2024-04-28 12:00:00,2024,4,28,12,102,35,30,41
2024-04-28 13:00:00,2024,4,28,13,102,35,30,41
2024-04-28 14:00:00,2024,4,28,14,103,36,31,41
2024-04-28 15:00:00,2024,4,28,15,104,40,33,39
2024-04-28 16:00:00,2024,4,28,16,102,35,32,38
2024-04-28 17:00:00,2024,4,28,17,77,24,31,40
2024-04-28 18:00:00,2024,4,28,18,106,37,31,41
2024-04-28 19:00:00,2024,4,28,19,99,35,30,42
2024-04-28 20:00:00,2024,4,28,20,95,33,29,43
2024-04-28 21:00:00,2024,4,28,21,91,32,29,45
2024-04-28 22:00:00,2024,4,28,22,87,30,28,46
2024-04-28 23:00:00,2024,4,28,23,84,29,28,48
2024-04-29 00:00:00,2024,4,29,0,80,27,27,49
2024-04-29 01:00:00,2024,4,29,1,76,26,27,51
2024-04-29 02:00:00,2024,4,29,2,72,24,26,52
2024-04-29 03:00:00,2024,4,29,3,69,23,26,54
2024-04-29 04:00:00,2024,4,29,4,65,21,25,55
2024-04-29 05:00:00,2024,4,29,5,61,20,25,57
2024-04-29 06:00:00,2024,4,29,6,57,18,24,58
2024-04-29 07:00:00,2024,4,29,7,54,17,24,60
2024-04-29 08:00:00,2024,4,29,8,100,35,24,63
2024-04-29 09:00:00,2024,4,29,9,125,45,25,63
2024-04-29 10:00:00,2024,4,29,10,115,41,26,60
2024-04-29 11:00:00,2024,4,29,11,102,36,28,55
2024-04-29 12:00:00,2024,4,29,12,73,22,28,50
2024-04-29 13:00:00,2024,4,29,13,58,15,29,48
2024-04-29 14:00:00,2024,4,29,14,52,13,30,48
2024-04-29 15:00:00,2024,4,29,15,61,17,29,50
2024-04-29 16:00:00,2024,4,29,16,54,16,28,55
2024-04-29 17:00:00,2024,4,29,17,75,23,26,63
2024-04-29 18:00:00,2024,4,29,18,95,32,22,75
2024-04-29 19:00:00,2024,4,29,19,80,26,21,73
2024-04-29 20:00:00,2024,4,29,20,89,30,21,75
2024-04-29 21:00:00,2024,4,29,21,88,29,21,71
2024-04-29 22:00:00,2024,4,29,22,74,23,22,66
2024-04-29 23:00:00,2024,4,29,23,77,24,22,65
2024-04-30 00:00:00,2024,4,30,0,75,23,21,65
2024-04-30 01:00:00,2024,4,30,1,78,24,21,63
2024-04-30 02:00:00,2024,4,30,2,82,26,22,61
2024-04-30 03:00:00,2024,4,30,3,86,28,22,59
2024-04-30 04:00:00,2024,4,30,4,90,29,23,57
2024-04-30 05:00:00,2024,4,30,5,94,31,23,55
2024-04-30 06:00:00,2024,4,30,6,98,33,24,53
2024-04-30 07:00:00,2024,4,30,7,102,35,24,51
2024-04-30 08:00:00,2024,4,30,8,106,36,25,49
2024-04-30 09:00:00,2024,4,30,9,110,38,25,47
2024-04-30 10:00:00,2024,4,30,10,114,40,26,45
2024-04-30 11:00:00,2024,4,30,11,118,42,26,43
2024-04-30 12:00:00,2024,4,30,12,122,43,27,41
2024-04-30 13:00:00,2024,4,30,13,126,45,27,39
2024-04-30 14:00:00,2024,4,30,14,130,47,28,37
2024-04-30 15:00:00,2024,4,30,15,134,49,29,35
2024-04-30 16:00:00,2024,4,30,16,53,14,30,29
2024-04-30 17:00:00,2024,4,30,17,40,10,28,36
2024-04-30 18:00:00,2024,4,30,18,68,20,25,45
2024-04-30 19:00:00,2024,4,30,19,63,18,22,58
2024-04-30 20:00:00,2024,4,30,20,43,11,21,62
2024-04-30 21:00:00,2024,4,30,21,61,17,22,58
2024-04-30 22:00:00,2024,4,30,22,67,19,21,58
2024-04-30 23:00:00,2024,4,30,23,90,30,21,59
2024-05-01 00:00:00,2024,5,1,0,89,29,21,57
2024-05-01 01:00:00,2024,5,1,1,88,29,21,55
2024-05-01 02:00:00,2024,5,1,2,88,29,22,54
2024-05-01 03:00:00,2024,5,1,3,87,28,22,52
2024-05-01 04:00:00,2024,5,1,4,86,28,23,51
2024-05-01 05:00:00,2024,5,1,5,86,28,23,49
2024-05-01 06:00:00,2024,5,1,6,85,28,24,48
2024-05-01 07:00:00,2024,5,1,7,84,27,24,46
2024-05-01 08:00:00,2024,5,1,8,84,27,25,45
2024-05-01 09:00:00,2024,5,1,9,83,27,25,43
2024-05-01 10:00:00,2024,5,1,10,82,27,26,42
2024-05-01 11:00:00,2024,5,1,11,82,26,26,40
2024-05-01 12:00:00,2024,5,1,12,81,26,27,39
2024-05-01 13:00:00,2024,5,1,13,80,26,27,37
2024-05-01 14:00:00,2024,5,1,14,80,26,28,36
2024-05-01 15:00:00,2024,5,1,15,80,26,28,35
2024-05-01 16:00:00,2024,5,1,16,80,26,28,35
2024-05-01 17:00:00,2024,5,1,17,81,26,28,35
2024-05-01 18:00:00,2024,5,1,18,81,26,28,34
2024-05-01 19:00:00,2024,5,1,19,82,27,28,34
2024-05-01 20:00:00,2024,5,1,20,82,27,28,34
2024-05-01 21:00:00,2024,5,1,21,83,27,28,33
2024-05-01 22:00:00,2024,5,1,22,83,27,29,33
2024-05-01 23:00:00,2024,5,1,23,84,27,29,33
2024-05-02 00:00:00,2024,5,2,0,84,28,29,32
2024-05-02 01:00:00,2024,5,2,1,85,28,29,32
2024-05-02 02:00:00,2024,5,2,2,85,28,29,32
2024-05-02 03:00:00,2024,5,2,3,85,28,29,31
2024-05-02 04:00:00,2024,5,2,4,86,28,29,31
2024-05-02 05:00:00,2024,5,2,5,86,29,29,31
2024-05-02 06:00:00,2024,5,2,6,87,29,30,30
2024-05-02 07:00:00,2024,5,2,7,87,29,30,30
2024-05-02 08:00:00,2024,5,2,8,88,29,30,30
2024-05-02 09:00:00,2024,5,2,9,88,29,30,29
2024-05-02 10:00:00,2024,5,2,10,89,30,30,29
2024-05-02 11:00:00,2024,5,2,11,89,30,30,29
2024-05-02 12:00:00,2024,5,2,12,90,30,30,28
2024-05-02 13:00:00,2024,5,2,13,90,30,30,28
2024-05-02 14:00:00,2024,5,2,14,91,31,31,28
2024-05-02 15:00:00,2024,5,2,15,91,31,32,27
2024-05-02 16:00:00,2024,5,2,16,100,34,31,30
2024-05-02 17:00:00,2024,5,2,17,109,38,31,34
2024-05-02 18:00:00,2024,5,2,18,118,42,30,37
2024-05-02 19:00:00,2024,5,2,19,127,46,30,41
2024-05-02 20:00:00,2024,5,2,20,115,45,29,42
2024-05-02 21:00:00,2024,5,2,21,153,59,28,39
2024-05-02 22:00:00,2024,5,2,22,146,53,28,39
2024-05-02 23:00:00,2024,5,2,23,149,55,27,43
2024-05-03 00:00:00,2024,5,3,0,149,55,26,46
2024-05-03 01:00:00,2024,5,3,1,150,58,26,44
2024-05-03 02:00:00,2024,5,3,2,153,60,26,44
2024-05-03 03:00:00,2024,5,3,3,155,64,26,45
2024-05-03 04:00:00,2024,5,3,4,158,69,27,46
2024-05-03 05:00:00,2024,5,3,5,160,73,27,47
2024-05-03 06:00:00,2024,5,3,6,163,78,28,48
2024-05-03 07:00:00,2024,5,3,7,175,102,27,42
2024-05-03 08:00:00,2024,5,3,8,121,56,29,38
2024-05-03 09:00:00,2024,5,3,9,151,61,30,37
2024-05-03 10:00:00,2024,5,3,10,125,45,31,35
2024-05-03 11:00:00,2024,5,3,11,100,35,32,32
2024-05-03 12:00:00,2024,5,3,12,100,35,32,30
2024-05-03 13:00:00,2024,5,3,13,105,37,32,33
2024-05-03 14:00:00,2024,5,3,14,102,36,32,34
2024-05-03 15:00:00,2024,5,3,15,94,32,32,33
2024-05-03 16:00:00,2024,5,3,16,73,25,33,32
2024-05-03 17:00:00,2024,5,3,17,114,40,32,34
2024-05-03 18:00:00,2024,5,3,18,126,46,31,37
2024-05-03 19:00:00,2024,5,3,19,103,39,31,40
2024-05-03 20:00:00,2024,5,3,20,162,78,30,45
2024-05-03 21:00:00,2024,5,3,21,174,100,29,48
2024-05-03 22:00:00,2024,5,3,22,174,102,29,50
2024-05-03 23:00:00,2024,5,3,23,174,100,28,51
2024-05-04 00:00:00,2024,5,4,0,173,99,28,47
2024-05-04 01:00:00,2024,5,4,1,165,93,28,46
2024-05-04 02:00:00,2024,5,4,2,158,88,28,45
2024-05-04 03:00:00,2024,5,4,3,150,83,29,44
2024-05-04 04:00:00,2024,5,4,4,143,78,29,43
2024-05-04 05:00:00,2024,5,4,5,135,73,29,42
2024-05-04 06:00:00,2024,5,4,6,128,68,30,41
2024-05-04 07:00:00,2024,5,4,7,120,63,30,40
2024-05-04 08:00:00,2024,5,4,8,113,58,30,39
2024-05-04 09:00:00,2024,5,4,9,105,52,31,38
2024-05-04 10:00:00,2024,5,4,10,98,47,31,37
2024-05-04 11:00:00,2024,5,4,11,90,42,31,36
2024-05-04 12:00:00,2024,5,4,12,83,37,32,35
2024-05-04 13:00:00,2024,5,4,13,75,32,32,34
2024-05-04 14:00:00,2024,5,4,14,68,27,32,33
2024-05-04 15:00:00,2024,5,4,15,60,22,33,32
2024-05-04 16:00:00,2024,5,4,16,53,17,33,31
2024-05-04 17:00:00,2024,5,4,17,46,12,34,30
2024-05-04 18:00:00,2024,5,4,18,68,20,34,31
2024-05-04 19:00:00,2024,5,4,19,109,39,33,33
2024-05-04 20:00:00,2024,5,4,20,135,50,32,36
2024-05-04 21:00:00,2024,5,4,21,155,63,32,37
2024-05-04 22:00:00,2024,5,4,22,154,62,31,38
2024-05-04 23:00:00,2024,5,4,23,131,48,30,39
2024-05-05 00:00:00,2024,5,5,0,127,46,30,39
2024-05-05 01:00:00,2024,5,5,1,123,44,30,38
2024-05-05 02:00:00,2024,5,5,2,119,43,30,38
2024-05-05 03:00:00,2024,5,5,3,116,41,30,38
2024-05-05 04:00:00,2024,5,5,4,112,40,31,38
2024-05-05 05:00:00,2024,5,5,5,109,38,31,38
2024-05-05 06:00:00,2024,5,5,6,105,37,31,38
2024-05-05 07:00:00,2024,5,5,7,101,35,31,37
2024-05-05 08:00:00,2024,5,5,8,98,34,32,37
2024-05-05 09:00:00,2024,5,5,9,94,32,32,37
2024-05-05 10:00:00,2024,5,5,10,91,31,32,37
2024-05-05 11:00:00,2024,5,5,11,87,29,32,37
2024-05-05 12:00:00,2024,5,5,12,84,28,33,37
2024-05-05 13:00:00,2024,5,5,13,71,21,35,33
2024-05-05 14:00:00,2024,5,5,14,78,25,35,33
2024-05-05 15:00:00,2024,5,5,15,77,24,35,33
2024-05-05 16:00:00,2024,5,5,16,74,23,36,32
2024-05-05 17:00:00,2024,5,5,17,56,17,35,34
2024-05-05 18:00:00,2024,5,5,18,82,27,34,36
2024-05-05 19:00:00,2024,5,5,19,103,36,33,38
2024-05-05 20:00:00,2024,5,5,20,111,39,33,39
2024-05-05 21:00:00,2024,5,5,21,124,45,32,41
2024-05-05 22:00:00,2024,5,5,22,141,51,31,46
2024-05-05 23:00:00,2024,5,5,23,152,58,31,46
2024-05-06 00:00:00,2024,5,6,0,146,55,31,45
2024-05-06 01:00:00,2024,5,6,1,141,53,31,44
2024-05-06 02:00:00,2024,5,6,2,135,50,31,43
2024-05-06 03:00:00,2024,5,6,3,130,48,32,42
2024-05-06 04:00:00,2024,5,6,4,124,45,32,41
2024-05-06 05:00:00,2024,5,6,5,119,43,32,40
2024-05-06 06:00:00,2024,5,6,6,113,40,32,39
2024-05-06 07:00:00,2024,5,6,7,108,38,33,39
2024-05-06 08:00:00,2024,5,6,8,102,35,33,38
2024-05-06 09:00:00,2024,5,6,9,97,33,33,37
2024-05-06 10:00:00,2024,5,6,10,91,30,33,36
2024-05-06 11:00:00,2024,5,6,11,86,28,34,35
2024-05-06 12:00:00,2024,5,6,12,80,25,34,34
2024-05-06 13:00:00,2024,5,6,13,75,23,34,33
2024-05-06 14:00:00,2024,5,6,14,70,21,35,33
2024-05-06 15:00:00,2024,5,6,15,85,27,37,28
2024-05-06 16:00:00,2024,5,6,16,54,13,37,27
2024-05-06 17:00:00,2024,5,6,17,60,16,37,27
2024-05-06 18:00:00,2024,5,6,18,71,21,36,30
2024-05-06 19:00:00,2024,5,6,19,98,34,35,33
2024-05-06 20:00:00,2024,5,6,20,122,44,34,35
2024-05-06 21:00:00,2024,5,6,21,119,42,34,34
2024-05-06 22:00:00,2024,5,6,22,116,41,34,34
2024-05-06 23:00:00,2024,5,6,23,114,40,34,34
2024-05-07 00:00:00,2024,5,7,0,111,39,34,34
2024-05-07 01:00:00,2024,5,7,1,108,38,34,34
2024-05-07 02:00:00,2024,5,7,2,106,37,34,34
2024-05-07 03:00:00,2024,5,7,3,103,36,34,34
2024-05-07 04:00:00,2024,5,7,4,100,34,34,33
2024-05-07 05:00:00,2024,5,7,5,98,33,34,33
2024-05-07 06:00:00,2024,5,7,6,95,32,34,33
2024-05-07 07:00:00,2024,5,7,7,92,31,34,33
2024-05-07 08:00:00,2024,5,7,8,90,30,34,33
2024-05-07 09:00:00,2024,5,7,9,87,29,34,33
2024-05-07 10:00:00,2024,5,7,10,84,28,34,33
2024-05-07 11:00:00,2024,5,7,11,82,27,34,33
2024-05-07 12:00:00,2024,5,7,12,67,19,37,28
2024-05-07 13:00:00,2024,5,7,13,98,34,37,27
2024-05-07 14:00:00,2024,5,7,14,92,31,37,28
2024-05-07 15:00:00,2024,5,7,15,85,28,37,28
2024-05-07 16:00:00,2024,5,7,16,70,21,37,29
2024-05-07 17:00:00,2024,5,7,17,55,17,37,28
2024-05-07 18:00:00,2024,5,7,18,102,36,36,32
2024-05-07 19:00:00,2024,5,7,19,122,44,36,31
2024-05-07 20:00:00,2024,5,7,20,133,48,34,35
2024-05-07 21:00:00,2024,5,7,21,117,50,33,42
2024-05-07 22:00:00,2024,5,7,22,162,77,32,45
2024-05-07 23:00:00,2024,5,7,23,163,79,32,47
2024-05-08 00:00:00,2024,5,8,0,164,80,31,49
2024-05-08 01:00:00,2024,5,8,1,172,92,31,48
2024-05-08 02:00:00,2024,5,8,2,180,105,31,47
2024-05-08 03:00:00,2024,5,8,3,189,118,31,46
2024-05-08 04:00:00,2024,5,8,4,197,131,31,46
2024-05-08 05:00:00,2024,5,8,5,206,144,31,45
2024-05-08 06:00:00,2024,5,8,6,214,157,31,44
2024-05-08 07:00:00,2024,5,8,7,223,170,32,44
2024-05-08 08:00:00,2024,5,8,8,244,194,33,39
2024-05-08 09:00:00,2024,5,8,9,173,99,34,35
2024-05-08 10:00:00,2024,5,8,10,150,56,35,34
2024-05-08 11:00:00,2024,5,8,11,101,37,36,33
2024-05-08 12:00:00,2024,5,8,12,114,40,37,28
2024-05-08 13:00:00,2024,5,8,13,115,41,38,27
2024-05-08 14:00:00,2024,5,8,14,153,64,38,29
2024-05-08 15:00:00,2024,5,8,15,148,58,38,26
2024-05-08 16:00:00,2024,5,8,16,124,45,38,26
2024-05-08 17:00:00,2024,5,8,17,90,32,37,30
2024-05-08 18:00:00,2024,5,8,18,135,49,36,38
2024-05-08 19:00:00,2024,5,8,19,156,65,35,43
2024-05-08 20:00:00,2024,5,8,20,128,70,34,42
2024-05-08 21:00:00,2024,5,8,21,174,99,33,44
2024-05-08 22:00:00,2024,5,8,22,184,120,32,48
2024-05-08 23:00:00,2024,5,8,23,188,129,32,48
2024-05-09 00:00:00,2024,5,9,0,198,145,32,46
2024-05-09 01:00:00,2024,5,9,1,222,172,32,46
2024-05-09 02:00:00,2024,5,9,2,210,154,31,48
2024-05-09 03:00:00,2024,5,9,3,199,137,31,50
2024-05-09 04:00:00,2024,5,9,4,188,120,31,53
2024-05-09 05:00:00,2024,5,9,5,176,102,31,55
2024-05-09 06:00:00,2024,5,9,6,165,85,31,57
2024-05-09 07:00:00,2024,5,9,7,154,68,31,60
2024-05-09 08:00:00,2024,5,9,8,159,72,31,59
2024-05-09 09:00:00,2024,5,9,9,158,69,32,56
2024-05-09 10:00:00,2024,5,9,10,120,56,34,53
2024-05-09 11:00:00,2024,5,9,11,161,74,35,51
2024-05-09 12:00:00,2024,5,9,12,157,69,36,48
2024-05-09 13:00:00,2024,5,9,13,157,68,36,46
2024-05-09 14:00:00,2024,5,9,14,157,68,37,43
2024-05-09 15:00:00,2024,5,9,15,156,66,37,42
2024-05-09 16:00:00,2024,5,9,16,155,63,37,40
2024-05-09 17:00:00,2024,5,9,17,155,63,36,43
2024-05-09 18:00:00,2024,5,9,18,160,73,36,46
2024-05-09 19:00:00,2024,5,9,19,168,89,35,50
2024-05-09 20:00:00,2024,5,9,20,180,112,34,54
2024-05-09 21:00:00,2024,5,9,21,194,135,34,51
2024-05-09 22:00:00,2024,5,9,22,179,111,34,50
2024-05-09 23:00:00,2024,5,9,23,174,101,33,49
2024-05-10 00:00:00,2024,5,10,0,178,107,33,51
2024-05-10 01:00:00,2024,5,10,1,176,105,33,50
2024-05-10 02:00:00,2024,5,10,2,175,103,33,49
2024-05-10 03:00:00,2024,5,10,3,174,101,33,49
2024-05-10 04:00:00,2024,5,10,4,173,99,33,48
2024-05-10 05:00:00,2024,5,10,5,172,97,34,48
2024-05-10 06:00:00,2024,5,10,6,171,95,34,47
2024-05-10 07:00:00,2024,5,10,7,170,93,34,47
2024-05-10 08:00:00,2024,5,10,8,169,91,34,46
2024-05-10 09:00:00,2024,5,10,9,168,89,35,46
2024-05-10 10:00:00,2024,5,10,10,167,87,35,45
2024-05-10 11:00:00,2024,5,10,11,166,85,35,45
2024-05-10 12:00:00,2024,5,10,12,165,83,35,44
2024-05-10 13:00:00,2024,5,10,13,164,81,36,44
2024-05-10 14:00:00,2024,5,10,14,165,83,36,43
2024-05-10 15:00:00,2024,5,10,15,161,75,36,46
2024-05-10 16:00:00,2024,5,10,16,158,70,35,46
2024-05-10 17:00:00,2024,5,10,17,170,93,34,43
2024-05-10 18:00:00,2024,5,10,18,173,98,34,42
2024-05-10 19:00:00,2024,5,10,19,175,102,34,44
2024-05-10 20:00:00,2024,5,10,20,173,98,34,43
2024-05-10 21:00:00,2024,5,10,21,140,70,28,63
2024-05-10 22:00:00,2024,5,10,22,65,18,27,63
2024-05-10 23:00:00,2024,5,10,23,80,26,27,64
2024-05-11 00:00:00,2024,5,11,0,112,40,28,64
2024-05-11 01:00:00,2024,5,11,1,132,48,27,67
2024-05-11 02:00:00,2024,5,11,2,131,48,27,66
2024-05-11 03:00:00,2024,5,11,3,131,49,27,65
2024-05-11 04:00:00,2024,5,11,4,130,50,27,64
2024-05-11 05:00:00,2024,5,11,5,130,50,27,63
2024-05-11 06:00:00,2024,5,11,6,129,51,27,62
2024-05-11 07:00:00,2024,5,11,7,129,52,28,62
2024-05-11 08:00:00,2024,5,11,8,138,51,27,64
2024-05-11 09:00:00,2024,5,11,9,101,37,29,59
2024-05-11 10:00:00,2024,5,11,10,141,51,30,56
2024-05-11 11:00:00,2024,5,11,11,124,45,31,52
2024-05-11 12:00:00,2024,5,11,12,111,39,32,49
2024-05-11 13:00:00,2024,5,11,13,90,30,33,44
2024-05-11 14:00:00,2024,5,11,14,104,36,34,42
2024-05-11 15:00:00,2024,5,11,15,66,22,34,41
2024-05-11 16:00:00,2024,5,11,16,80,26,34,41
2024-05-11 17:00:00,2024,5,11,17,95,33,34,43
2024-05-11 18:00:00,2024,5,11,18,104,36,33,44
2024-05-11 19:00:00,2024,5,11,19,127,46,33,47
2024-05-11 20:00:00,2024,5,11,20,138,50,33,47
2024-05-11 21:00:00,2024,5,11,21,138,50,32,48
2024-05-11 22:00:00,2024,5,11,22,143,52,31,52
2024-05-11 23:00:00,2024,5,11,23,122,44,31,55
2024-05-12 00:00:00,2024,5,12,0,119,43,31,54
2024-05-12 01:00:00,2024,5,12,1,117,42,31,53
2024-05-12 02:00:00,2024,5,12,2,116,41,31,52
2024-05-12 03:00:00,2024,5,12,3,114,41,31,51
2024-05-12 04:00:00,2024,5,12,4,113,40,31,50
2024-05-12 05:00:00,2024,5,12,5,111,39,31,49
2024-05-12 06:00:00,2024,5,12,6,110,39,31,48
2024-05-12 07:00:00,2024,5,12,7,108,38,31,47
2024-05-12 08:00:00,2024,5,12,8,107,38,32,46
2024-05-12 09:00:00,2024,5,12,9,106,37,32,45
2024-05-12 10:00:00,2024,5,12,10,104,36,32,44
2024-05-12 11:00:00,2024,5,12,11,103,36,32,43
2024-05-12 12:00:00,2024,5,12,12,101,35,32,42
2024-05-12 13:00:00,2024,5,12,13,100,34,32,41
2024-05-12 14:00:00,2024,5,12,14,98,34,32,40
2024-05-12 15:00:00,2024,5,12,15,97,33,32,39
2024-05-12 16:00:00,2024,5,12,16,96,33,33,39
2024-05-12 17:00:00,2024,5,12,17,120,43,33,38
2024-05-12 18:00:00,2024,5,12,18,123,44,33,37
2024-05-12 19:00:00,2024,5,12,19,106,41,32,39
2024-05-12 20:00:00,2024,5,12,20,157,68,32,39
2024-05-12 21:00:00,2024,5,12,21,158,70,31,40
2024-05-12 22:00:00,2024,5,12,22,117,49,31,42
2024-05-12 23:00:00,2024,5,12,23,155,66,30,44
2024-05-13 00:00:00,2024,5,13,0,152,59,30,46
2024-05-13 01:00:00,2024,5,13,1,146,56,30,44
2024-05-13 02:00:00,2024,5,13,2,140,53,30,43
2024-05-13 03:00:00,2024,5,13,3,135,51,30,42
2024-05-13 04:00:00,2024,5,13,4,129,48,31,41
2024-05-13 05:00:00,2024,5,13,5,124,46,31,39
2024-05-13 06:00:00,2024,5,13,6,118,43,31,38
2024-05-13 07:00:00,2024,5,13,7,113,41,32,37
2024-05-13 08:00:00,2024,5,13,8,107,38,32,36
2024-05-13 09:00:00,2024,5,13,9,102,36,32,34
2024-05-13 10:00:00,2024,5,13,10,96,33,33,33
2024-05-13 11:00:00,2024,5,13,11,91,31,33,32
2024-05-13 12:00:00,2024,5,13,12,85,28,33,31
2024-05-13 13:00:00,2024,5,13,13,80,26,34,30
2024-05-13 14:00:00,2024,5,13,14,76,24,36,27
2024-05-13 15:00:00,2024,5,13,15,79,25,36,27
2024-05-13 16:00:00,2024,5,13,16,97,38,35,28
2024-05-13 17:00:00,2024,5,13,17,115,52,34,30
2024-05-13 18:00:00,2024,5,13,18,134,66,34,31
2024-05-13 19:00:00,2024,5,13,19,152,80,33,33
2024-05-13 20:00:00,2024,5,13,20,171,94,33,35
2024-05-13 21:00:00,2024,5,13,21,167,87,32,39
2024-05-13 22:00:00,2024,5,13,22,168,89,32,43
2024-05-13 23:00:00,2024,5,13,23,170,93,31,44
2024-05-14 00:00:00,2024,5,14,0,172,96,31,45
2024-05-14 01:00:00,2024,5,14,1,181,115,30,47
2024-05-14 02:00:00,2024,5,14,2,182,115,30,48
2024-05-14 03:00:00,2024,5,14,3,153,99,29,50
2024-05-14 04:00:00,2024,5,14,4,125,84,28,53
2024-05-14 05:00:00,2024,5,14,5,97,69,28,56
2024-05-14 06:00:00,2024,5,14,6,191,132,29,53
2024-05-14 07:00:00,2024,5,14,7,175,101,31,46
2024-05-14 08:00:00,2024,5,14,8,110,39,33,37
2024-05-14 09:00:00,2024,5,14,9,88,29,34,34
2024-05-14 10:00:00,2024,5,14,10,117,42,35,35
2024-05-14 11:00:00,2024,5,14,11,108,38,35,33
2024-05-14 12:00:00,2024,5,14,12,94,32,36,31
2024-05-14 13:00:00,2024,5,14,13,93,32,37,29
2024-05-14 14:00:00,2024,5,14,14,93,32,37,29
2024-05-14 15:00:00,2024,5,14,15,100,35,37,29
2024-05-14 16:00:00,2024,5,14,16,84,30,38,28
2024-05-14 17:00:00,2024,5,14,17,114,40,37,30
2024-05-14 18:00:00,2024,5,14,18,94,34,36,31
2024-05-14 19:00:00,2024,5,14,19,139,51,36,34
2024-05-14 20:00:00,2024,5,14,20,159,71,35,36
2024-05-14 21:00:00,2024,5,14,21,170,93,33,42
2024-05-14 22:00:00,2024,5,14,22,171,95,32,45
2024-05-14 23:00:00,2024,5,14,23,174,101,31,46
2024-05-15 00:00:00,2024,5,15,0,178,108,31,48
2024-05-15 01:00:00,2024,5,15,1,182,115,31,49
2024-05-15 02:00:00,2024,5,15,2,186,122,31,51
2024-05-15 03:00:00,2024,5,15,3,189,129,31,52
2024-05-15 04:00:00,2024,5,15,4,193,136,31,54
2024-05-15 05:00:00,2024,5,15,5,197,143,31,55
2024-05-15 06:00:00,2024,5,15,6,201,150,31,57
2024-05-15 07:00:00,2024,5,15,7,185,119,32,49
2024-05-15 08:00:00,2024,5,15,8,155,66,34,43
2024-05-15 09:00:00,2024,5,15,9,142,53,35,39
2024-05-15 10:00:00,2024,5,15,10,126,45,36,38
2024-05-15 11:00:00,2024,5,15,11,124,45,37,37
2024-05-15 12:00:00,2024,5,15,12,116,41,38,34
2024-05-15 13:00:00,2024,5,15,13,114,40,38,34
2024-05-15 14:00:00,2024,5,15,14,117,42,38,33
2024-05-15 15:00:00,2024,5,15,15,92,33,38,33
2024-05-15 16:00:00,2024,5,15,16,126,45,38,35
2024-05-15 17:00:00,2024,5,15,17,127,46,38,35
2024-05-15 18:00:00,2024,5,15,18,120,43,37,35
2024-05-15 19:00:00,2024,5,15,19,140,55,36,39
2024-05-15 20:00:00,2024,5,15,20,157,68,36,41
2024-05-15 21:00:00,2024,5,15,21,158,69,34,45
2024-05-15 22:00:00,2024,5,15,22,168,88,34,45
2024-05-15 23:00:00,2024,5,15,23,165,85,34,44
2024-05-16 00:00:00,2024,5,16,0,163,83,34,44
2024-05-16 01:00:00,2024,5,16,1,161,80,34,43
2024-05-16 02:00:00,2024,5,16,2,159,78,34,43
2024-05-16 03:00:00,2024,5,16,3,156,75,34,43
2024-05-16 04:00:00,2024,5,16,4,154,73,34,42
2024-05-16 05:00:00,2024,5,16,5,152,70,34,42
2024-05-16 06:00:00,2024,5,16,6,150,68,35,42
2024-05-16 07:00:00,2024,5,16,7,147,65,35,41
2024-05-16 08:00:00,2024,5,16,8,145,63,35,41
2024-05-16 09:00:00,2024,5,16,9,143,60,35,40
2024-05-16 10:00:00,2024,5,16,10,141,58,35,40
2024-05-16 11:00:00,2024,5,16,11,138,55,35,40
2024-05-16 12:00:00,2024,5,16,12,136,53,35,39
2024-05-16 13:00:00,2024,5,16,13,134,50,35,39
2024-05-16 14:00:00,2024,5,16,14,132,48,36,39
2024-05-16 15:00:00,2024,5,16,15,129,47,40,31
2024-05-16 16:00:00,2024,5,16,16,92,33,40,33
2024-05-16 17:00:00,2024,5,16,17,119,43,39,33
2024-05-16 18:00:00,2024,5,16,18,130,47,38,36
2024-05-16 19:00:00,2024,5,16,19,150,57,37,38
2024-05-16 20:00:00,2024,5,16,20,160,74,37,40
2024-05-16 21:00:00,2024,5,16,21,125,66,36,38
2024-05-16 22:00:00,2024,5,16,22,188,127,36,41
2024-05-16 23:00:00,2024,5,16,23,213,163,36,42
2024-05-17 00:00:00,2024,5,17,0,223,173,35,47
2024-05-17 01:00:00,2024,5,17,1,210,155,35,45
2024-05-17 02:00:00,2024,5,17,2,197,138,35,43
2024-05-17 03:00:00,2024,5,17,3,184,121,35,42
2024-05-17 04:00:00,2024,5,17,4,172,103,35,40
2024-05-17 05:00:00,2024,5,17,5,159,86,35,39
2024-05-17 06:00:00,2024,5,17,6,146,69,35,37
2024-05-17 07:00:00,2024,5,17,7,134,52,35,36
2024-05-17 08:00:00,2024,5,17,8,92,33,36,33
2024-05-17 09:00:00,2024,5,17,9,143,53,37,33
2024-05-17 10:00:00,2024,5,17,10,140,52,38,32
2024-05-17 11:00:00,2024,5,17,11,117,42,39,31
2024-05-17 12:00:00,2024,5,17,12,114,41,40,31
2024-05-17 13:00:00,2024,5,17,13,114,40,40,29
2024-05-17 14:00:00,2024,5,17,14,121,44,40,31
2024-05-17 15:00:00,2024,5,17,15,124,45,40,30
2024-05-17 16:00:00,2024,5,17,16,110,39,40,29
2024-05-17 17:00:00,2024,5,17,17,97,34,40,29
2024-05-17 18:00:00,2024,5,17,18,105,37,40,29
2024-05-17 19:00:00,2024,5,17,19,104,36,39,29
2024-05-17 20:00:00,2024,5,17,20,103,36,39,29
2024-05-17 21:00:00,2024,5,17,21,102,36,39,29
2024-05-17 22:00:00,2024,5,17,22,102,35,39,30
2024-05-17 23:00:00,2024,5,17,23,101,35,39,30
2024-05-18 00:00:00,2024,5,18,0,100,35,39,30
2024-05-18 01:00:00,2024,5,18,1,100,34,39,30
2024-05-18 02:00:00,2024,5,18,2,99,34,39,31
2024-05-18 03:00:00,2024,5,18,3,98,34,38,31
2024-05-18 04:00:00,2024,5,18,4,98,33,38,31
2024-05-18 05:00:00,2024,5,18,5,97,33,38,31
2024-05-18 06:00:00,2024,5,18,6,96,33,38,32
2024-05-18 07:00:00,2024,5,18,7,96,32,38,32
2024-05-18 08:00:00,2024,5,18,8,95,32,38,32
2024-05-18 09:00:00,2024,5,18,9,94,32,38,32
2024-05-18 10:00:00,2024,5,18,10,94,32,38,33
2024-05-18 11:00:00,2024,5,18,11,119,42,39,30
2024-05-18 12:00:00,2024,5,18,12,59,16,40,26
2024-05-18 13:00:00,2024,5,18,13,52,16,41,25
2024-05-18 14:00:00,2024,5,18,14,73,22,41,26
2024-05-18 15:00:00,2024,5,18,15,79,25,41,26
2024-05-18 16:00:00,2024,5,18,16,71,21,41,26
2024-05-18 17:00:00,2024,5,18,17,58,15,40,26
2024-05-18 18:00:00,2024,5,18,18,84,28,39,29
2024-05-18 19:00:00,2024,5,18,19,124,45,39,31
2024-05-18 20:00:00,2024,5,18,20,129,47,38,32
2024-05-18 21:00:00,2024,5,18,21,139,51,37,34
2024-05-18 22:00:00,2024,5,18,22,139,51,36,34
2024-05-18 23:00:00,2024,5,18,23,140,52,36,34
2024-05-19 00:00:00,2024,5,19,0,140,53,36,34
2024-05-19 01:00:00,2024,5,19,1,141,54,36,34
2024-05-19 02:00:00,2024,5,19,2,141,55,36,34
2024-05-19 03:00:00,2024,5,19,3,142,56,36,34
2024-05-19 04:00:00,2024,5,19,4,143,57,36,34
2024-05-19 05:00:00,2024,5,19,5,143,58,36,34
2024-05-19 06:00:00,2024,5,19,6,144,59,36,34
2024-05-19 07:00:00,2024,5,19,7,144,60,36,34
2024-05-19 08:00:00,2024,5,19,8,145,61,36,34
2024-05-19 09:00:00,2024,5,19,9,146,62,36,34
2024-05-19 10:00:00,2024,5,19,10,146,63,36,34
2024-05-19 11:00:00,2024,5,19,11,147,64,36,34
2024-05-19 12:00:00,2024,5,19,12,147,65,36,34
2024-05-19 13:00:00,2024,5,19,13,148,66,36,34
2024-05-19 14:00:00,2024,5,19,14,149,66,36,34
2024-05-19 15:00:00,2024,5,19,15,149,67,36,34
2024-05-19 16:00:00,2024,5,19,16,150,68,36,34
2024-05-19 17:00:00,2024,5,19,17,150,69,36,34
2024-05-19 18:00:00,2024,5,19,18,151,70,36,35
2024-05-19 19:00:00,2024,5,19,19,152,71,36,35
2024-05-19 20:00:00,2024,5,19,20,152,72,36,35
2024-05-19 21:00:00,2024,5,19,21,153,73,36,35
2024-05-19 22:00:00,2024,5,19,22,153,74,36,35
2024-05-19 23:00:00,2024,5,19,23,154,75,36,35
2024-05-20 00:00:00,2024,5,20,0,155,76,36,35
2024-05-20 01:00:00,2024,5,20,1,155,77,36,35
2024-05-20 02:00:00,2024,5,20,2,156,78,36,35
2024-05-20 03:00:00,2024,5,20,3,156,79,36,35
2024-05-20 04:00:00,2024,5,20,4,157,80,36,35
2024-05-20 05:00:00,2024,5,20,5,158,81,36,35
2024-05-20 06:00:00,2024,5,20,6,158,81,36,35
2024-05-20 07:00:00,2024,5,20,7,159,82,36,35
2024-05-20 08:00:00,2024,5,20,8,159,83,36,35
2024-05-20 09:00:00,2024,5,20,9,160,84,36,35
2024-05-20 10:00:00,2024,5,20,10,161,85,36,35
2024-05-20 11:00:00,2024,5,20,11,161,86,36,35
2024-05-20 12:00:00,2024,5,20,12,162,87,36,35
2024-05-20 13:00:00,2024,5,20,13,162,88,36,35
2024-05-20 14:00:00,2024,5,20,14,163,89,36,36
2024-05-20 15:00:00,2024,5,20,15,164,90,36,36
2024-05-20 16:00:00,2024,5,20,16,164,91,36,36
2024-05-20 17:00:00,2024,5,20,17,165,92,36,36
2024-05-20 18:00:00,2024,5,20,18,165,93,36,36
2024-05-20 19:00:00,2024,5,20,19,166,94,36,36
2024-05-20 20:00:00,2024,5,20,20,167,95,36,36
2024-05-20 21:00:00,2024,5,20,21,167,96,36,36
2024-05-20 22:00:00,2024,5,20,22,168,97,36,36
2024-05-20 23:00:00,2024,5,20,23,168,97,36,36
2024-05-21 00:00:00,2024,5,21,0,169,98,36,36
2024-05-21 01:00:00,2024,5,21,1,170,99,36,36
2024-05-21 02:00:00,2024,5,21,2,170,100,36,36
2024-05-21 03:00:00,2024,5,21,3,171,101,36,36
2024-05-21 04:00:00,2024,5,21,4,171,102,36,36
2024-05-21 05:00:00,2024,5,21,5,172,103,36,36
2024-05-21 06:00:00,2024,5,21,6,173,104,36,36
2024-05-21 07:00:00,2024,5,21,7,173,105,36,36
2024-05-21 08:00:00,2024,5,21,8,174,106,36,36
2024-05-21 09:00:00,2024,5,21,9,174,107,36,36
2024-05-21 10:00:00,2024,5,21,10,175,108,36,36
2024-05-21 11:00:00,2024,5,21,11,176,109,36,37
2024-05-21 12:00:00,2024,5,21,12,176,110,36,37
2024-05-21 13:00:00,2024,5,21,13,177,111,36,37
2024-05-21 14:00:00,2024,5,21,14,177,112,36,37
2024-05-21 15:00:00,2024,5,21,15,178,112,36,37
2024-05-21 16:00:00,2024,5,21,16,179,113,36,37
2024-05-21 17:00:00,2024,5,21,17,179,114,36,37
2024-05-21 18:00:00,2024,5,21,18,180,115,36,37
2024-05-21 19:00:00,2024,5,21,19,180,116,36,37
2024-05-21 20:00:00,2024,5,21,20,181,117,36,37
2024-05-21 21:00:00,2024,5,21,21,182,118,36,37
2024-05-21 22:00:00,2024,5,21,22,182,119,36,37
2024-05-21 23:00:00,2024,5,21,23,183,120,36,37
2024-05-22 00:00:00,2024,5,22,0,183,121,36,37
2024-05-22 01:00:00,2024,5,22,1,184,122,36,37
2024-05-22 02:00:00,2024,5,22,2,185,123,36,37
2024-05-22 03:00:00,2024,5,22,3,185,124,36,37
2024-05-22 04:00:00,2024,5,22,4,186,125,36,37
2024-05-22 05:00:00,2024,5,22,5,186,126,36,37
2024-05-22 06:00:00,2024,5,22,6,187,127,36,37
2024-05-22 07:00:00,2024,5,22,7,188,128,36,38
2024-05-22 08:00:00,2024,5,22,8,175,103,37,35
2024-05-22 09:00:00,2024,5,22,9,185,121,37,41
2024-05-22 10:00:00,2024,5,22,10,122,59,39,39
2024-05-22 11:00:00,2024,5,22,11,156,66,40,37
2024-05-22 12:00:00,2024,5,22,12,136,50,40,33
2024-05-22 13:00:00,2024,5,22,13,124,45,41,30
2024-05-22 14:00:00,2024,5,22,14,119,43,41,28
2024-05-22 15:00:00,2024,5,22,15,117,42,41,29
2024-05-22 16:00:00,2024,5,22,16,120,43,41,28
2024-05-22 17:00:00,2024,5,22,17,119,43,41,27
2024-05-22 18:00:00,2024,5,22,18,120,43,40,28
2024-05-22 19:00:00,2024,5,22,19,121,44,40,29
2024-05-22 20:00:00,2024,5,22,20,122,44,40,30
2024-05-22 21:00:00,2024,5,22,21,123,45,40,32
2024-05-22 22:00:00,2024,5,22,22,124,45,40,33
2024-05-22 23:00:00,2024,5,22,23,126,46,40,34
2024-05-23 00:00:00,2024,5,23,0,127,46,39,35
2024-05-23 01:00:00,2024,5,23,1,128,47,39,37
2024-05-23 02:00:00,2024,5,23,2,129,48,39,38
2024-05-23 03:00:00,2024,5,23,3,130,48,39,39
2024-05-23 04:00:00,2024,5,23,4,131,49,39,41
2024-05-23 05:00:00,2024,5,23,5,133,49,39,42
2024-05-23 06:00:00,2024,5,23,6,134,50,38,43
2024-05-23 07:00:00,2024,5,23,7,135,50,38,44
2024-05-23 08:00:00,2024,5,23,8,136,51,38,46
2024-05-23 09:00:00,2024,5,23,9,137,51,38,47
2024-05-23 10:00:00,2024,5,23,10,138,52,38,48
2024-05-23 11:00:00,2024,5,23,11,140,53,38,50
2024-05-23 12:00:00,2024,5,23,12,154,62,39,48
2024-05-23 13:00:00,2024,5,23,13,153,61,40,45
2024-05-23 14:00:00,2024,5,23,14,73,27,40,43
2024-05-23 15:00:00,2024,5,23,15,143,52,41,38
2024-05-23 16:00:00,2024,5,23,16,139,51,40,36
2024-05-23 17:00:00,2024,5,23,17,108,38,41,29
2024-05-23 18:00:00,2024,5,23,18,102,36,40,27
2024-05-23 19:00:00,2024,5,23,19,102,36,39,27
2024-05-23 20:00:00,2024,5,23,20,102,36,39,27
2024-05-23 21:00:00,2024,5,23,21,103,36,39,28
2024-05-23 22:00:00,2024,5,23,22,103,36,39,28
2024-05-23 23:00:00,2024,5,23,23,103,36,39,28
2024-05-24 00:00:00,2024,5,24,0,104,36,39,29
2024-05-24 01:00:00,2024,5,24,1,104,36,39,29
2024-05-24 02:00:00,2024,5,24,2,104,37,38,30
2024-05-24 03:00:00,2024,5,24,3,105,37,38,30
2024-05-24 04:00:00,2024,5,24,4,105,37,38,30
2024-05-24 05:00:00,2024,5,24,5,105,37,38,31
2024-05-24 06:00:00,2024,5,24,6,106,37,38,31
2024-05-24 07:00:00,2024,5,24,7,106,37,38,32
2024-05-24 08:00:00,2024,5,24,8,107,37,38,32
2024-05-24 09:00:00,2024,5,24,9,107,37,38,32
2024-05-24 10:00:00,2024,5,24,10,107,38,37,33
2024-05-24 11:00:00,2024,5,24,11,108,38,37,33
2024-05-24 12:00:00,2024,5,24,12,108,38,37,33
2024-05-24 13:00:00,2024,5,24,13,108,38,37,34
2024-05-24 14:00:00,2024,5,24,14,109,38,37,34
2024-05-24 15:00:00,2024,5,24,15,109,38,37,35
2024-05-24 16:00:00,2024,5,24,16,109,38,37,35
2024-05-24 17:00:00,2024,5,24,17,110,38,37,35
2024-05-24 18:00:00,2024,5,24,18,110,39,36,36
2024-05-24 19:00:00,2024,5,24,19,110,39,36,36
2024-05-24 20:00:00,2024,5,24,20,111,39,36,37
2024-05-24 21:00:00,2024,5,24,21,111,39,36,37
2024-05-24 22:00:00,2024,5,24,22,112,39,36,37
2024-05-24 23:00:00,2024,5,24,23,112,39,36,38
2024-05-25 00:00:00,2024,5,25,0,112,39,36,38
2024-05-25 01:00:00,2024,5,25,1,113,39,36,38
2024-05-25 02:00:00,2024,5,25,2,113,40,35,39
2024-05-25 03:00:00,2024,5,25,3,113,40,35,39
2024-05-25 04:00:00,2024,5,25,4,114,40,35,40
2024-05-25 05:00:00,2024,5,25,5,114,40,35,40
2024-05-25 06:00:00,2024,5,25,6,114,40,35,40
2024-05-25 07:00:00,2024,5,25,7,115,40,35,41
2024-05-25 08:00:00,2024,5,25,8,115,40,35,41
2024-05-25 09:00:00,2024,5,25,9,116,41,35,42
2024-05-25 10:00:00,2024,5,25,10,100,35,36,38
2024-05-25 11:00:00,2024,5,25,11,125,45,37,36
2024-05-25 12:00:00,2024,5,25,12,83,29,38,33
2024-05-25 13:00:00,2024,5,25,13,70,24,39,31
2024-05-25 14:00:00,2024,5,25,14,78,25,40,31
2024-05-25 15:00:00,2024,5,25,15,76,24,40,29
2024-05-25 16:00:00,2024,5,25,16,75,23,40,29
2024-05-25 17:00:00,2024,5,25,17,68,20,40,28
2024-05-25 18:00:00,2024,5,25,18,68,20,40,27
2024-05-25 19:00:00,2024,5,25,19,68,20,40,27
2024-05-25 20:00:00,2024,5,25,20,68,20,40,27
2024-05-25 21:00:00,2024,5,25,21,68,20,40,27
2024-05-25 22:00:00,2024,5,25,22,68,20,40,27
2024-05-25 23:00:00,2024,5,25,23,69,20,40,27
2024-05-26 00:00:00,2024,5,26,0,69,20,40,27
2024-05-26 01:00:00,2024,5,26,1,69,20,40,27
2024-05-26 02:00:00,2024,5,26,2,69,20,40,27
2024-05-26 03:00:00,2024,5,26,3,69,20,40,27
2024-05-26 04:00:00,2024,5,26,4,70,21,40,27
2024-05-26 05:00:00,2024,5,26,5,70,21,40,26
2024-05-26 06:00:00,2024,5,26,6,70,21,40,26
2024-05-26 07:00:00,2024,5,26,7,70,21,40,26
2024-05-26 08:00:00,2024,5,26,8,70,21,40,26
2024-05-26 09:00:00,2024,5,26,9,70,21,40,26
2024-05-26 10:00:00,2024,5,26,10,71,21,40,26
2024-05-26 11:00:00,2024,5,26,11,71,21,40,26
2024-05-26 12:00:00,2024,5,26,12,71,21,40,26
2024-05-26 13:00:00,2024,5,26,13,71,21,40,26
2024-05-26 14:00:00,2024,5,26,14,71,21,40,26
2024-05-26 15:00:00,2024,5,26,15,72,22,40,26
2024-05-26 16:00:00,2024,5,26,16,80,26,42,23
2024-05-26 17:00:00,2024,5,26,17,82,27,41,25
2024-05-26 18:00:00,2024,5,26,18,90,31,41,27
2024-05-26 19:00:00,2024,5,26,19,80,28,39,31
2024-05-26 20:00:00,2024,5,26,20,124,45,38,32
2024-05-26 21:00:00,2024,5,26,21,146,54,36,39
2024-05-26 22:00:00,2024,5,26,22,156,65,36,42
2024-05-26 23:00:00,2024,5,26,23,158,68,36,42
2024-05-27 00:00:00,2024,5,27,0,147,62,36,40
2024-05-27 01:00:00,2024,5,27,1,136,57,36,39
2024-05-27 02:00:00,2024,5,27,2,125,52,36,38
2024-05-27 03:00:00,2024,5,27,3,115,47,36,37
2024-05-27 04:00:00,2024,5,27,4,104,42,36,35
2024-05-27 05:00:00,2024,5,27,5,93,37,37,34
2024-05-27 06:00:00,2024,5,27,6,82,32,37,33
2024-05-27 07:00:00,2024,5,27,7,72,27,37,32
2024-05-27 08:00:00,2024,5,27,8,61,22,37,30
2024-05-27 09:00:00,2024,5,27,9,50,17,37,29
2024-05-27 10:00:00,2024,5,27,10,39,12,37,28
2024-05-27 11:00:00,2024,5,27,11,29,7,38,27
2024-05-27 12:00:00,2024,5,27,12,70,21,41,17
2024-05-27 13:00:00,2024,5,27,13,74,23,42,16
2024-05-27 14:00:00,2024,5,27,14,61,17,42,14
2024-05-27 15:00:00,2024,5,27,15,54,13,43,14
2024-05-27 16:00:00,2024,5,27,16,56,14,43,15
2024-05-27 17:00:00,2024,5,27,17,59,16,42,15
2024-05-27 18:00:00,2024,5,27,18,73,22,41,19
2024-05-27 19:00:00,2024,5,27,19,114,41,39,31
2024-05-27 20:00:00,2024,5,27,20,149,57,37,35
2024-05-27 21:00:00,2024,5,27,21,155,63,36,35
2024-05-27 22:00:00,2024,5,27,22,158,69,35,40
2024-05-27 23:00:00,2024,5,27,23,107,49,35,41
2024-05-28 00:00:00,2024,5,28,0,159,71,35,41
2024-05-28 01:00:00,2024,5,28,1,158,69,35,42
2024-05-28 02:00:00,2024,5,28,2,156,68,35,41
2024-05-28 03:00:00,2024,5,28,3,155,67,35,41
2024-05-28 04:00:00,2024,5,28,4,154,66,35,40
2024-05-28 05:00:00,2024,5,28,5,153,65,35,40
2024-05-28 06:00:00,2024,5,28,6,152,65,35,39
2024-05-28 07:00:00,2024,5,28,7,150,64,36,39
2024-05-28 08:00:00,2024,5,28,8,149,63,36,38
2024-05-28 09:00:00,2024,5,28,9,148,62,36,38
2024-05-28 10:00:00,2024,5,28,10,147,61,36,37
2024-05-28 11:00:00,2024,5,28,11,146,61,36,37
2024-05-28 12:00:00,2024,5,28,12,144,60,36,36
2024-05-28 13:00:00,2024,5,28,13,143,59,37,36
2024-05-28 14:00:00,2024,5,28,14,142,58,37,36
2024-05-28 15:00:00,2024,5,28,15,141,57,37,35
2024-05-28 16:00:00,2024,5,28,16,140,57,37,35
2024-05-28 17:00:00,2024,5,28,17,138,56,37,34
2024-05-28 18:00:00,2024,5,28,18,137,55,37,34
2024-05-28 19:00:00,2024,5,28,19,136,54,38,33
2024-05-28 20:00:00,2024,5,28,20,135,53,38,33
2024-05-28 21:00:00,2024,5,28,21,134,53,38,32
2024-05-28 22:00:00,2024,5,28,22,132,52,38,32
2024-05-28 23:00:00,2024,5,28,23,131,51,38,31
2024-05-29 00:00:00,2024,5,29,0,130,50,38,31
2024-05-29 01:00:00,2024,5,29,1,129,49,39,31
2024-05-29 02:00:00,2024,5,29,2,128,49,39,30
2024-05-29 03:00:00,2024,5,29,3,126,48,39,30
2024-05-29 04:00:00,2024,5,29,4,125,47,39,29
2024-05-29 05:00:00,2024,5,29,5,124,46,39,29
2024-05-29 06:00:00,2024,5,29,6,123,45,39,28
2024-05-29 07:00:00,2024,5,29,7,122,45,40,28
2024-05-29 08:00:00,2024,5,29,8,120,44,40,27
2024-05-29 09:00:00,2024,5,29,9,119,43,40,27
2024-05-29 10:00:00,2024,5,29,10,118,42,40,26
2024-05-29 11:00:00,2024,5,29,11,117,41,40,26
2024-05-29 12:00:00,2024,5,29,12,116,41,41,26
2024-05-29 13:00:00,2024,5,29,13,117,42,42,22
2024-05-29 14:00:00,2024,5,29,14,120,43,42,23
2024-05-29 15:00:00,2024,5,29,15,104,37,42,25
2024-05-29 16:00:00,2024,5,29,16,130,47,43,24
2024-05-29 17:00:00,2024,5,29,17,125,45,42,22
2024-05-29 18:00:00,2024,5,29,18,128,46,42,24
2024-05-29 19:00:00,2024,5,29,19,143,58,40,30
2024-05-29 20:00:00,2024,5,29,20,147,56,39,28
2024-05-29 21:00:00,2024,5,29,21,138,50,38,29
2024-05-29 22:00:00,2024,5,29,22,152,59,38,30
2024-05-29 23:00:00,2024,5,29,23,157,67,37,31
2024-05-30 00:00:00,2024,5,30,0,152,57,37,30
2024-05-30 01:00:00,2024,5,30,1,152,58,37,30
2024-05-30 02:00:00,2024,5,30,2,153,60,37,30
2024-05-30 03:00:00,2024,5,30,3,154,61,37,30
2024-05-30 04:00:00,2024,5,30,4,155,63,37,30
2024-05-30 05:00:00,2024,5,30,5,156,65,37,30
2024-05-30 06:00:00,2024,5,30,6,156,66,38,30
2024-05-30 07:00:00,2024,5,30,7,157,68,38,30
2024-05-30 08:00:00,2024,5,30,8,158,70,38,30
2024-05-30 09:00:00,2024,5,30,9,159,71,38,30
2024-05-30 10:00:00,2024,5,30,10,160,73,38,30
2024-05-30 11:00:00,2024,5,30,11,161,75,39,31
2024-05-30 12:00:00,2024,5,30,12,156,65,40,28
2024-05-30 13:00:00,2024,5,30,13,145,54,41,22
2024-05-30 14:00:00,2024,5,30,14,145,54,40,22
2024-05-30 15:00:00,2024,5,30,15,145,54,40,23
2024-05-30 16:00:00,2024,5,30,16,145,54,40,23
2024-05-30 17:00:00,2024,5,30,17,146,55,40,24
2024-05-30 18:00:00,2024,5,30,18,146,55,40,24
2024-05-30 19:00:00,2024,5,30,19,146,55,40,25
2024-05-30 20:00:00,2024,5,30,20,147,55,39,25
2024-05-30 21:00:00,2024,5,30,21,147,56,39,26
2024-05-30 22:00:00,2024,5,30,22,147,56,39,27
2024-05-30 23:00:00,2024,5,30,23,147,56,39,27
2024-05-31 00:00:00,2024,5,31,0,148,56,39,28
2024-05-31 01:00:00,2024,5,31,1,148,57,39,28
2024-05-31 02:00:00,2024,5,31,2,148,57,39,29
2024-05-31 03:00:00,2024,5,31,3,149,57,38,29
2024-05-31 04:00:00,2024,5,31,4,149,57,38,30
2024-05-31 05:00:00,2024,5,31,5,149,58,38,30
2024-05-31 06:00:00,2024,5,31,6,150,58,38,31
2024-05-31 07:00:00,2024,5,31,7,150,58,38,32
2024-05-31 08:00:00,2024,5,31,8,150,59,38,32
2024-05-31 09:00:00,2024,5,31,9,150,59,38,33
2024-05-31 10:00:00,2024,5,31,10,151,59,37,33
2024-05-31 11:00:00,2024,5,31,11,151,59,37,34
2024-05-31 12:00:00,2024,5,31,12,151,60,37,34
2024-05-31 13:00:00,2024,5,31,13,152,60,37,35
2024-05-31 14:00:00,2024,5,31,14,152,60,37,35
2024-05-31 15:00:00,2024,5,31,15,152,60,37,36
2024-05-31 16:00:00,2024,5,31,16,152,61,37,37
2024-05-31 17:00:00,2024,5,31,17,153,61,36,37
2024-05-31 18:00:00,2024,5,31,18,153,61,36,38
2024-05-31 19:00:00,2024,5,31,19,153,61,36,38
2024-05-31 20:00:00,2024,5,31,20,154,62,36,39
2024-05-31 21:00:00,2024,5,31,21,154,62,36,39
2024-05-31 22:00:00,2024,5,31,22,154,62,36,40
2024-05-31 23:00:00,2024,5,31,23,155,63,36,41
2024-06-01 00:00:00,2024,6,1,0,167,87,36,41
2024-06-01 01:00:00,2024,6,1,1,164,84,36,40
2024-06-01 02:00:00,2024,6,1,2,161,81,36,39
2024-06-01 03:00:00,2024,6,1,3,158,78,37,38
2024-06-01 04:00:00,2024,6,1,4,155,75,37,37
2024-06-01 05:00:00,2024,6,1,5,153,73,37,36
2024-06-01 06:00:00,2024,6,1,6,150,70,38,35
2024-06-01 07:00:00,2024,6,1,7,147,67,38,34
2024-06-01 08:00:00,2024,6,1,8,144,64,38,33
2024-06-01 09:00:00,2024,6,1,9,141,61,39,32
2024-06-01 10:00:00,2024,6,1,10,139,59,39,31
2024-06-01 11:00:00,2024,6,1,11,136,56,39,30
2024-06-01 12:00:00,2024,6,1,12,133,53,40,29
2024-06-01 13:00:00,2024,6,1,13,130,50,40,28
2024-06-01 14:00:00,2024,6,1,14,127,47,40,27
2024-06-01 15:00:00,2024,6,1,15,125,45,41,26
2024-06-01 16:00:00,2024,6,1,16,90,30,42,24
2024-06-01 17:00:00,2024,6,1,17,72,22,42,20
2024-06-01 18:00:00,2024,6,1,18,83,27,41,26
2024-06-01 19:00:00,2024,6,1,19,120,43,39,30
2024-06-01 20:00:00,2024,6,1,20,145,54,38,33
2024-06-01 21:00:00,2024,6,1,21,91,31,37,36
2024-06-01 22:00:00,2024,6,1,22,93,31,35,38
2024-06-01 23:00:00,2024,6,1,23,99,35,35,38
2024-06-02 00:00:00,2024,6,2,0,98,34,35,37
2024-06-02 01:00:00,2024,6,2,1,97,34,35,37
2024-06-02 02:00:00,2024,6,2,2,96,33,35,37
2024-06-02 03:00:00,2024,6,2,3,95,33,35,37
2024-06-02 04:00:00,2024,6,2,4,94,32,35,37
2024-06-02 05:00:00,2024,6,2,5,94,32,35,37
2024-06-02 06:00:00,2024,6,2,6,93,32,36,37
2024-06-02 07:00:00,2024,6,2,7,92,31,36,36
2024-06-02 08:00:00,2024,6,2,8,91,31,36,36
2024-06-02 09:00:00,2024,6,2,9,90,30,36,36
2024-06-02 10:00:00,2024,6,2,10,90,30,36,36
2024-06-02 11:00:00,2024,6,2,11,89,30,36,36
2024-06-02 12:00:00,2024,6,2,12,88,29,37,36
2024-06-02 13:00:00,2024,6,2,13,87,29,37,36
2024-06-02 14:00:00,2024,6,2,14,86,28,37,35
2024-06-02 15:00:00,2024,6,2,15,86,28,37,35
2024-06-02 16:00:00,2024,6,2,16,85,28,37,35
2024-06-02 17:00:00,2024,6,2,17,84,27,37,35
2024-06-02 18:00:00,2024,6,2,18,83,27,38,35
2024-06-02 19:00:00,2024,6,2,19,82,26,38,35
2024-06-02 20:00:00,2024,6,2,20,81,26,38,35
2024-06-02 21:00:00,2024,6,2,21,81,26,38,35
2024-06-02 22:00:00,2024,6,2,22,80,25,38,34
2024-06-02 23:00:00,2024,6,2,23,79,25,38,34
2024-06-03 00:00:00,2024,6,3,0,78,24,39,34
2024-06-03 01:00:00,2024,6,3,1,77,24,39,34
2024-06-03 02:00:00,2024,6,3,2,77,24,39,34
2024-06-03 03:00:00,2024,6,3,3,76,23,39,34
2024-06-03 04:00:00,2024,6,3,4,75,23,39,34
2024-06-03 05:00:00,2024,6,3,5,74,22,39,33
2024-06-03 06:00:00,2024,6,3,6,73,22,40,33
2024-06-03 07:00:00,2024,6,3,7,73,22,40,33
2024-06-03 08:00:00,2024,6,3,8,72,21,40,33
2024-06-03 09:00:00,2024,6,3,9,71,21,40,33
2024-06-03 10:00:00,2024,6,3,10,70,20,40,33
2024-06-03 11:00:00,2024,6,3,11,69,20,40,33
2024-06-03 12:00:00,2024,6,3,12,69,20,41,33
2024-06-03 13:00:00,2024,6,3,13,84,28,41,32
2024-06-03 14:00:00,2024,6,3,14,91,31,41,33
2024-06-03 15:00:00,2024,6,3,15,100,35,41,35
2024-06-03 16:00:00,2024,6,3,16,82,26,41,33
2024-06-03 17:00:00,2024,6,3,17,79,25,41,34
2024-06-03 18:00:00,2024,6,3,18,83,27,40,34
2024-06-03 19:00:00,2024,6,3,19,113,40,39,32
2024-06-03 20:00:00,2024,6,3,20,110,39,36,31
2024-06-03 21:00:00,2024,6,3,21,109,38,36,31
2024-06-03 22:00:00,2024,6,3,22,108,38,36,31
2024-06-03 23:00:00,2024,6,3,23,108,38,36,31
2024-06-04 00:00:00,2024,6,4,0,107,37,36,31
2024-06-04 01:00:00,2024,6,4,1,106,37,36,31
2024-06-04 02:00:00,2024,6,4,2,106,37,36,32
2024-06-04 03:00:00,2024,6,4,3,105,37,36,32
2024-06-04 04:00:00,2024,6,4,4,105,36,36,32
2024-06-04 05:00:00,2024,6,4,5,104,36,36,32
2024-06-04 06:00:00,2024,6,4,6,103,36,36,32
2024-06-04 07:00:00,2024,6,4,7,103,36,36,33
2024-06-04 08:00:00,2024,6,4,8,102,35,36,33
2024-06-04 09:00:00,2024,6,4,9,101,35,36,33
2024-06-04 10:00:00,2024,6,4,10,101,35,37,33
2024-06-04 11:00:00,2024,6,4,11,100,35,37,33
2024-06-04 12:00:00,2024,6,4,12,100,34,37,34
2024-06-04 13:00:00,2024,6,4,13,99,34,37,34
2024-06-04 14:00:00,2024,6,4,14,98,34,37,34
2024-06-04 15:00:00,2024,6,4,15,98,34,37,34
2024-06-04 16:00:00,2024,6,4,16,97,33,37,34
2024-06-04 17:00:00,2024,6,4,17,97,33,37,35
2024-06-04 18:00:00,2024,6,4,18,96,33,37,35
2024-06-04 19:00:00,2024,6,4,19,95,32,37,35
2024-06-04 20:00:00,2024,6,4,20,95,32,37,35
2024-06-04 21:00:00,2024,6,4,21,94,32,37,35
2024-06-04 22:00:00,2024,6,4,22,93,32,37,35
2024-06-04 23:00:00,2024,6,4,23,93,31,37,36
2024-06-05 00:00:00,2024,6,5,0,92,31,38,36
2024-06-05 01:00:00,2024,6,5,1,92,31,38,36
2024-06-05 02:00:00,2024,6,5,2,91,31,38,36
2024-06-05 03:00:00,2024,6,5,3,90,30,38,36
2024-06-05 04:00:00,2024,6,5,4,90,30,38,37
2024-06-05 05:00:00,2024,6,5,5,89,30,38,37
2024-06-05 06:00:00,2024,6,5,6,88,30,38,37
2024-06-05 07:00:00,2024,6,5,7,88,29,38,37
2024-06-05 08:00:00,2024,6,5,8,87,29,38,37
2024-06-05 09:00:00,2024,6,5,9,87,29,38,38
2024-06-05 10:00:00,2024,6,5,10,86,29,38,38
2024-06-05 11:00:00,2024,6,5,11,85,28,38,38
2024-06-05 12:00:00,2024,6,5,12,85,28,38,38
2024-06-05 13:00:00,2024,6,5,13,84,28,38,38
2024-06-05 14:00:00,2024,6,5,14,84,28,39,39
2024-06-05 15:00:00,2024,6,5,15,69,21,39,34
2024-06-05 16:00:00,2024,6,5,16,55,15,39,30
2024-06-05 17:00:00,2024,6,5,17,97,33,35,44
2024-06-05 18:00:00,2024,6,5,18,97,33,34,44
2024-06-05 19:00:00,2024,6,5,19,98,33,34,44
2024-06-05 20:00:00,2024,6,5,20,99,34,34,44
2024-06-05 21:00:00,2024,6,5,21,100,34,34,45
2024-06-05 22:00:00,2024,6,5,22,100,34,34,45
2024-06-05 23:00:00,2024,6,5,23,101,35,34,45
2024-06-06 00:00:00,2024,6,6,0,102,35,34,45
2024-06-06 01:00:00,2024,6,6,1,103,36,34,46
2024-06-06 02:00:00,2024,6,6,2,104,36,34,46
2024-06-06 03:00:00,2024,6,6,3,104,36,33,46
2024-06-06 04:00:00,2024,6,6,4,105,37,33,47
2024-06-06 05:00:00,2024,6,6,5,106,37,33,47
2024-06-06 06:00:00,2024,6,6,6,107,38,33,47
2024-06-06 07:00:00,2024,6,6,7,107,38,33,47
2024-06-06 08:00:00,2024,6,6,8,108,38,33,48
2024-06-06 09:00:00,2024,6,6,9,109,39,33,48
2024-06-06 10:00:00,2024,6,6,10,110,39,33,48
2024-06-06 11:00:00,2024,6,6,11,111,40,33,49
2024-06-06 12:00:00,2024,6,6,12,118,42,34,46
2024-06-06 13:00:00,2024,6,6,13,121,43,35,45
2024-06-06 14:00:00,2024,6,6,14,100,35,36,39
2024-06-06 15:00:00,2024,6,6,15,92,31,36,37
2024-06-06 16:00:00,2024,6,6,16,90,30,36,38
2024-06-06 17:00:00,2024,6,6,17,88,30,36,39
2024-06-06 18:00:00,2024,6,6,18,90,30,36,41
2024-06-06 19:00:00,2024,6,6,19,108,38,35,47
2024-06-06 20:00:00,2024,6,6,20,155,64,33,53
2024-06-06 21:00:00,2024,6,6,21,151,62,33,52
2024-06-06 22:00:00,2024,6,6,22,147,60,33,51
2024-06-06 23:00:00,2024,6,6,23,144,58,33,51
2024-06-07 00:00:00,2024,6,7,0,140,56,33,50
2024-06-07 01:00:00,2024,6,7,1,137,54,33,49
2024-06-07 02:00:00,2024,6,7,2,133,52,33,49
2024-06-07 03:00:00,2024,6,7,3,129,51,34,48
2024-06-07 04:00:00,2024,6,7,4,126,49,34,47
2024-06-07 05:00:00,2024,6,7,5,122,47,34,47
2024-06-07 06:00:00,2024,6,7,6,119,45,34,46
2024-06-07 07:00:00,2024,6,7,7,115,43,34,45
2024-06-07 08:00:00,2024,6,7,8,111,41,34,45
2024-06-07 09:00:00,2024,6,7,9,108,39,34,44
2024-06-07 10:00:00,2024,6,7,10,104,38,35,43
2024-06-07 11:00:00,2024,6,7,11,101,36,35,43
2024-06-07 12:00:00,2024,6,7,12,97,34,35,42
2024-06-07 13:00:00,2024,6,7,13,93,32,35,41
2024-06-07 14:00:00,2024,6,7,14,90,30,35,41
2024-06-07 15:00:00,2024,6,7,15,86,28,35,40
2024-06-07 16:00:00,2024,6,7,16,83,27,36,40
2024-06-07 17:00:00,2024,6,7,17,82,27,37,38
2024-06-07 18:00:00,2024,6,7,18,94,32,37,39
2024-06-07 19:00:00,2024,6,7,19,104,37,36,41
2024-06-07 20:00:00,2024,6,7,20,128,46,35,42
2024-06-07 21:00:00,2024,6,7,21,142,52,34,44
2024-06-07 22:00:00,2024,6,7,22,90,32,34,44
2024-06-07 23:00:00,2024,6,7,23,108,38,34,43
2024-06-08 00:00:00,2024,6,8,0,102,36,34,44
2024-06-08 01:00:00,2024,6,8,1,98,34,34,43
2024-06-08 02:00:00,2024,6,8,2,95,32,34,42
2024-06-08 03:00:00,2024,6,8,3,92,31,34,41
2024-06-08 04:00:00,2024,6,8,4,89,29,34,41
2024-06-08 05:00:00,2024,6,8,5,85,28,34,40
2024-06-08 06:00:00,2024,6,8,6,82,26,34,39
2024-06-08 07:00:00,2024,6,8,7,79,25,34,39
2024-06-08 08:00:00,2024,6,8,8,76,23,34,38
2024-06-08 09:00:00,2024,6,8,9,72,22,34,37
2024-06-08 10:00:00,2024,6,8,10,69,20,34,37
2024-06-08 11:00:00,2024,6,8,11,66,19,34,36
2024-06-08 12:00:00,2024,6,8,12,63,17,34,35
2024-06-08 13:00:00,2024,6,8,13,60,16,35,35
2024-06-08 14:00:00,2024,6,8,14,62,17,36,33
2024-06-08 15:00:00,2024,6,8,15,107,37,37,32
2024-06-08 16:00:00,2024,6,8,16,64,18,37,31
2024-06-08 17:00:00,2024,6,8,17,52,15,37,31
2024-06-08 18:00:00,2024,6,8,18,63,18,36,31
2024-06-08 19:00:00,2024,6,8,19,55,18,36,34
2024-06-08 20:00:00,2024,6,8,20,56,18,36,33
2024-06-08 21:00:00,2024,6,8,21,58,19,36,33
2024-06-08 22:00:00,2024,6,8,22,60,19,36,33
2024-06-08 23:00:00,2024,6,8,23,62,20,36,33
2024-06-09 00:00:00,2024,6,9,0,63,21,36,32
2024-06-09 01:00:00,2024,6,9,1,65,21,36,32
2024-06-09 02:00:00,2024,6,9,2,67,22,36,32
2024-06-09 03:00:00,2024,6,9,3,69,22,36,32
2024-06-09 04:00:00,2024,6,9,4,71,23,36,32
2024-06-09 05:00:00,2024,6,9,5,72,24,36,31
2024-06-09 06:00:00,2024,6,9,6,74,24,36,31
2024-06-09 07:00:00,2024,6,9,7,76,25,36,31
2024-06-09 08:00:00,2024,6,9,8,78,25,36,31
2024-06-09 09:00:00,2024,6,9,9,79,26,36,30
2024-06-09 10:00:00,2024,6,9,10,81,27,36,30
2024-06-09 11:00:00,2024,6,9,11,83,27,36,30
2024-06-09 12:00:00,2024,6,9,12,85,28,36,30
2024-06-09 13:00:00,2024,6,9,13,87,29,36,30
2024-06-09 14:00:00,2024,6,9,14,61,20,39,26
2024-06-09 15:00:00,2024,6,9,15,66,19,39,25
2024-06-09 16:00:00,2024,6,9,16,60,16,40,23
2024-06-09 17:00:00,2024,6,9,17,54,14,39,24
2024-06-09 18:00:00,2024,6,9,18,61,17,39,25
2024-06-09 19:00:00,2024,6,9,19,84,28,37,29
2024-06-09 20:00:00,2024,6,9,20,101,35,36,30
2024-06-09 21:00:00,2024,6,9,21,115,41,36,33
2024-06-09 22:00:00,2024,6,9,22,142,52,35,36
2024-06-09 23:00:00,2024,6,9,23,130,47,34,39
2024-06-10 00:00:00,2024,6,10,0,85,30,34,37
2024-06-10 01:00:00,2024,6,10,1,100,35,33,35
2024-06-10 02:00:00,2024,6,10,2,74,26,33,38
2024-06-10 03:00:00,2024,6,10,3,73,25,33,37
2024-06-10 04:00:00,2024,6,10,4,73,25,33,36
2024-06-10 05:00:00,2024,6,10,5,73,24,34,35
2024-06-10 06:00:00,2024,6,10,6,73,24,34,35
2024-06-10 07:00:00,2024,6,10,7,73,24,35,34
2024-06-10 08:00:00,2024,6,10,8,73,23,35,33
2024-06-10 09:00:00,2024,6,10,9,73,23,36,32
2024-06-10 10:00:00,2024,6,10,10,73,23,36,32
2024-06-10 11:00:00,2024,6,10,11,73,22,37,31
2024-06-10 12:00:00,2024,6,10,12,73,22,37,30
2024-06-10 13:00:00,2024,6,10,13,73,22,38,30
2024-06-10 14:00:00,2024,6,10,14,84,28,40,29
2024-06-10 15:00:00,2024,6,10,15,77,24,39,31
2024-06-10 16:00:00,2024,6,10,16,65,19,40,30
2024-06-10 17:00:00,2024,6,10,17,62,17,39,29
2024-06-10 18:00:00,2024,6,10,18,30,8,39,28
2024-06-10 19:00:00,2024,6,10,19,31,8,38,28
2024-06-10 20:00:00,2024,6,10,20,32,8,38,28
2024-06-10 21:00:00,2024,6,10,21,34,9,38,28
2024-06-10 22:00:00,2024,6,10,22,35,9,38,28
2024-06-10 23:00:00,2024,6,10,23,36,10,38,28
2024-06-11 00:00:00,2024,6,11,0,38,10,38,28
2024-06-11 01:00:00,2024,6,11,1,39,10,38,28
2024-06-11 02:00:00,2024,6,11,2,41,11,38,28
2024-06-11 03:00:00,2024,6,11,3,42,11,38,28
2024-06-11 04:00:00,2024,6,11,4,43,12,38,28
2024-06-11 05:00:00,2024,6,11,5,45,12,38,28
2024-06-11 06:00:00,2024,6,11,6,46,13,38,28
2024-06-11 07:00:00,2024,6,11,7,47,13,38,28
2024-06-11 08:00:00,2024,6,11,8,49,13,38,28
2024-06-11 09:00:00,2024,6,11,9,50,14,38,28
2024-06-11 10:00:00,2024,6,11,10,52,14,38,28
2024-06-11 11:00:00,2024,6,11,11,53,15,38,28
2024-06-11 12:00:00,2024,6,11,12,54,15,38,28
2024-06-11 13:00:00,2024,6,11,13,56,15,38,28
2024-06-11 14:00:00,2024,6,11,14,57,16,38,28
2024-06-11 15:00:00,2024,6,11,15,58,16,38,28
2024-06-11 16:00:00,2024,6,11,16,60,17,38,28
2024-06-11 17:00:00,2024,6,11,17,61,17,38,28
2024-06-11 18:00:00,2024,6,11,18,63,18,38,29
2024-06-11 19:00:00,2024,6,11,19,88,30,39,30
2024-06-11 20:00:00,2024,6,11,20,110,39,38,32
2024-06-11 21:00:00,2024,6,11,21,93,33,37,33
2024-06-11 22:00:00,2024,6,11,22,89,32,37,34
2024-06-11 23:00:00,2024,6,11,23,120,43,36,35
2024-06-12 00:00:00,2024,6,12,0,115,41,36,34
2024-06-12 01:00:00,2024,6,12,1,111,39,36,34
2024-06-12 02:00:00,2024,6,12,2,106,37,36,34
2024-06-12 03:00:00,2024,6,12,3,102,35,36,33
2024-06-12 04:00:00,2024,6,12,4,97,33,36,33
2024-06-12 05:00:00,2024,6,12,5,93,31,36,33
2024-06-12 06:00:00,2024,6,12,6,88,29,36,33
2024-06-12 07:00:00,2024,6,12,7,84,27,36,32
2024-06-12 08:00:00,2024,6,12,8,79,25,36,32
2024-06-12 09:00:00,2024,6,12,9,75,23,36,32
2024-06-12 10:00:00,2024,6,12,10,70,21,36,31
2024-06-12 11:00:00,2024,6,12,11,66,19,36,31
2024-06-12 12:00:00,2024,6,12,12,61,17,36,31
2024-06-12 13:00:00,2024,6,12,13,57,15,37,31
2024-06-12 14:00:00,2024,6,12,14,77,24,42,26
2024-06-12 15:00:00,2024,6,12,15,67,19,42,26
2024-06-12 16:00:00,2024,6,12,16,63,18,41,26
2024-06-12 17:00:00,2024,6,12,17,72,22,41,27
2024-06-12 18:00:00,2024,6,12,18,86,28,41,28
2024-06-12 19:00:00,2024,6,12,19,106,37,40,31
2024-06-12 20:00:00,2024,6,12,20,95,33,39,30
2024-06-12 21:00:00,2024,6,12,21,109,39,38,33
2024-06-12 22:00:00,2024,6,12,22,106,37,37,36
2024-06-12 23:00:00,2024,6,12,23,106,37,36,40
2024-06-13 00:00:00,2024,6,13,0,91,33,36,40
2024-06-13 01:00:00,2024,6,13,1,119,43,36,41
2024-06-13 02:00:00,2024,6,13,2,114,41,36,40
2024-06-13 03:00:00,2024,6,13,3,110,39,36,40
2024-06-13 04:00:00,2024,6,13,4,106,37,37,40
2024-06-13 05:00:00,2024,6,13,5,102,35,37,39
2024-06-13 06:00:00,2024,6,13,6,98,33,37,39
2024-06-13 07:00:00,2024,6,13,7,94,31,38,39
2024-06-13 08:00:00,2024,6,13,8,89,29,38,38
2024-06-13 09:00:00,2024,6,13,9,85,27,38,38
2024-06-13 10:00:00,2024,6,13,10,81,25,39,38
2024-06-13 11:00:00,2024,6,13,11,77,23,39,37
2024-06-13 12:00:00,2024,6,13,12,73,21,39,37
2024-06-13 13:00:00,2024,6,13,13,69,20,40,37
2024-06-13 14:00:00,2024,6,13,14,61,17,41,33
2024-06-13 15:00:00,2024,6,13,15,60,16,41,32
2024-06-13 16:00:00,2024,6,13,16,58,15,41,31
2024-06-13 17:00:00,2024,6,13,17,59,16,41,30
2024-06-13 18:00:00,2024,6,13,18,67,20,39,36
2024-06-13 19:00:00,2024,6,13,19,83,27,38,38
2024-06-13 20:00:00,2024,6,13,20,107,38,38,30
2024-06-13 21:00:00,2024,6,13,21,107,38,37,32
2024-06-13 22:00:00,2024,6,13,22,117,42,37,34
2024-06-13 23:00:00,2024,6,13,23,117,42,36,35
2024-06-14 00:00:00,2024,6,14,0,111,40,36,35
2024-06-14 01:00:00,2024,6,14,1,105,38,36,35
2024-06-14 02:00:00,2024,6,14,2,100,36,36,35
2024-06-14 03:00:00,2024,6,14,3,94,34,36,35
2024-06-14 04:00:00,2024,6,14,4,89,32,36,35
2024-06-14 05:00:00,2024,6,14,5,83,30,37,35
2024-06-14 06:00:00,2024,6,14,6,78,28,37,35
2024-06-14 07:00:00,2024,6,14,7,72,26,37,35
2024-06-14 08:00:00,2024,6,14,8,67,24,37,35
2024-06-14 09:00:00,2024,6,14,9,61,22,37,35
2024-06-14 10:00:00,2024,6,14,10,56,20,38,35
2024-06-14 11:00:00,2024,6,14,11,78,28,39,31
2024-06-14 12:00:00,2024,6,14,12,110,39,40,29
2024-06-14 13:00:00,2024,6,14,13,88,30,41,28
2024-06-14 14:00:00,2024,6,14,14,68,20,41,29
2024-06-14 15:00:00,2024,6,14,15,68,20,42,28
2024-06-14 16:00:00,2024,6,14,16,115,44,41,29
2024-06-14 17:00:00,2024,6,14,17,110,42,40,29
2024-06-14 18:00:00,2024,6,14,18,106,40,40,30
2024-06-14 19:00:00,2024,6,14,19,102,38,40,31
2024-06-14 20:00:00,2024,6,14,20,97,36,40,32
2024-06-14 21:00:00,2024,6,14,21,93,34,39,32
2024-06-14 22:00:00,2024,6,14,22,89,32,39,33
2024-06-14 23:00:00,2024,6,14,23,85,30,39,34
2024-06-15 00:00:00,2024,6,15,0,80,28,39,35
2024-06-15 01:00:00,2024,6,15,1,76,26,39,36
2024-06-15 02:00:00,2024,6,15,2,72,24,38,36
2024-06-15 03:00:00,2024,6,15,3,67,22,38,37
2024-06-15 04:00:00,2024,6,15,4,63,20,38,38
2024-06-15 05:00:00,2024,6,15,5,59,18,38,39
2024-06-15 06:00:00,2024,6,15,6,55,16,37,39
2024-06-15 07:00:00,2024,6,15,7,50,14,37,40
2024-06-15 08:00:00,2024,6,15,8,46,12,37,41
2024-06-15 09:00:00,2024,6,15,9,42,10,37,42
2024-06-15 10:00:00,2024,6,15,10,38,9,37,43
2024-06-15 11:00:00,2024,6,15,11,92,31,39,38
2024-06-15 12:00:00,2024,6,15,12,84,27,40,36
2024-06-15 13:00:00,2024,6,15,13,75,23,41,34
2024-06-15 14:00:00,2024,6,15,14,71,21,41,33
2024-06-15 15:00:00,2024,6,15,15,74,23,41,35
2024-06-15 16:00:00,2024,6,15,16,62,17,41,34
2024-06-15 17:00:00,2024,6,15,17,60,16,41,35
2024-06-15 18:00:00,2024,6,15,18,69,20,39,39
2024-06-15 19:00:00,2024,6,15,19,57,19,38,44
2024-06-15 20:00:00,2024,6,15,20,82,27,38,42
2024-06-15 21:00:00,2024,6,15,21,88,29,38,44
2024-06-15 22:00:00,2024,6,15,22,88,30,38,46
2024-06-15 23:00:00,2024,6,15,23,86,29,38,45
2024-06-16 00:00:00,2024,6,16,0,85,28,38,45
2024-06-16 01:00:00,2024,6,16,1,84,28,38,44
2024-06-16 02:00:00,2024,6,16,2,82,27,38,44
2024-06-16 03:00:00,2024,6,16,3,81,26,38,44
2024-06-16 04:00:00,2024,6,16,4,80,26,38,43
2024-06-16 05:00:00,2024,6,16,5,78,25,38,43
2024-06-16 06:00:00,2024,6,16,6,77,24,38,43
2024-06-16 07:00:00,2024,6,16,7,76,24,38,42
2024-06-16 08:00:00,2024,6,16,8,75,23,38,42
2024-06-16 09:00:00,2024,6,16,9,73,22,38,42
2024-06-16 10:00:00,2024,6,16,10,72,22,38,41
2024-06-16 11:00:00,2024,6,16,11,71,21,38,41
2024-06-16 12:00:00,2024,6,16,12,69,20,38,41
2024-06-16 13:00:00,2024,6,16,13,68,20,38,40
2024-06-16 14:00:00,2024,6,16,14,67,19,38,40
2024-06-16 15:00:00,2024,6,16,15,66,19,38,40
2024-06-16 16:00:00,2024,6,16,16,69,20,41,33
2024-06-16 17:00:00,2024,6,16,17,50,15,41,33
2024-06-16 18:00:00,2024,6,16,18,84,27,40,36
2024-06-16 19:00:00,2024,6,16,19,96,33,40,39
2024-06-16 20:00:00,2024,6,16,20,102,36,39,42
2024-06-16 21:00:00,2024,6,16,21,101,35,39,45
2024-06-16 22:00:00,2024,6,16,22,109,39,38,48
2024-06-16 23:00:00,2024,6,16,23,82,29,37,49
2024-06-17 00:00:00,2024,6,17,0,98,34,37,48
2024-06-17 01:00:00,2024,6,17,1,107,39,36,49
2024-06-17 02:00:00,2024,6,17,2,117,44,36,50
2024-06-17 03:00:00,2024,6,17,3,126,49,36,52
2024-06-17 04:00:00,2024,6,17,4,136,54,36,53
2024-06-17 05:00:00,2024,6,17,5,145,59,36,54
2024-06-17 06:00:00,2024,6,17,6,155,64,36,56
2024-06-17 07:00:00,2024,6,17,7,81,38,36,56
2024-06-17 08:00:00,2024,6,17,8,92,33,37,49
2024-06-17 09:00:00,2024,6,17,9,109,38,38,48
2024-06-17 10:00:00,2024,6,17,10,105,37,39,46
2024-06-17 11:00:00,2024,6,17,11,0,0,39,46
2024-06-17 12:00:00,2024,6,17,12,7,2,38,46
2024-06-17 13:00:00,2024,6,17,13,15,5,38,46
2024-06-17 14:00:00,2024,6,17,14,23,8,38,46
2024-06-17 15:00:00,2024,6,17,15,31,11,38,46
2024-06-17 16:00:00,2024,6,17,16,39,13,38,46
2024-06-17 17:00:00,2024,6,17,17,47,16,38,46
2024-06-17 18:00:00,2024,6,17,18,55,19,38,47
2024-06-17 19:00:00,2024,6,17,19,63,22,38,47
2024-06-17 20:00:00,2024,6,17,20,71,24,38,47
2024-06-17 21:00:00,2024,6,17,21,79,27,38,47
2024-06-17 22:00:00,2024,6,17,22,87,30,38,47
2024-06-17 23:00:00,2024,6,17,23,95,33,38,47
2024-06-18 00:00:00,2024,6,18,0,103,36,38,48
2024-06-18 01:00:00,2024,6,18,1,112,40,39,45
2024-06-18 02:00:00,2024,6,18,2,111,39,39,45
2024-06-18 03:00:00,2024,6,18,3,94,34,38,45
2024-06-18 04:00:00,2024,6,18,4,131,47,38,45
2024-06-18 05:00:00,2024,6,18,5,140,51,38,46
2024-06-18 06:00:00,2024,6,18,6,133,49,38,47
2024-06-18 07:00:00,2024,6,18,7,95,33,38,47
2024-06-18 08:00:00,2024,6,18,8,93,32,38,47
2024-06-18 09:00:00,2024,6,18,9,90,30,39,48
2024-06-18 10:00:00,2024,6,18,10,91,31,39,49
2024-06-18 11:00:00,2024,6,18,11,74,26,39,49
2024-06-18 12:00:00,2024,6,18,12,79,28,39,41
2024-06-18 13:00:00,2024,6,18,13,81,28,39,41
2024-06-18 14:00:00,2024,6,18,14,84,29,39,42
2024-06-18 15:00:00,2024,6,18,15,86,29,39,43
2024-06-18 16:00:00,2024,6,18,16,89,30,39,44
2024-06-18 17:00:00,2024,6,18,17,92,31,39,45
2024-06-18 18:00:00,2024,6,18,18,87,29,40,44
2024-06-18 19:00:00,2024,6,18,19,95,33,39,46
2024-06-18 20:00:00,2024,6,18,20,119,43,39,50
2024-06-18 21:00:00,2024,6,18,21,131,48,39,51
2024-06-18 22:00:00,2024,6,18,22,122,44,39,51
2024-06-18 23:00:00,2024,6,18,23,113,40,39,52
2024-06-19 00:00:00,2024,6,19,0,105,37,39,47
2024-06-19 01:00:00,2024,6,19,1,79,28,39,47
2024-06-19 02:00:00,2024,6,19,2,104,37,39,48
2024-06-19 03:00:00,2024,6,19,3,102,36,39,47
